filename,basename,genre_selfascription,genre
benedix-unerschuetterlich.xml,benedix-unerschuetterlich,Vorspiel in einem Aufzuge,
fouque-sigurd-der-schlangentoedter.xml,fouque-sigurd-der-schlangentoedter,Ein Heldenspiel in sechs Abentheuren,
anzengruber-heimgfunden.xml,anzengruber-heimgfunden,Wiener Weihnachtskomödie in drei Akten,Komödie
anzengruber-der-gwissenswurm.xml,anzengruber-der-gwissenswurm,Bauernkomödie mit Gesang in drei Akten,Komödie
kotzebue-die-deutschen-kleinstaedter.xml,kotzebue-die-deutschen-kleinstaedter,Ein Lustspiel in vier Akten,Lustspiel
scheerbart-ruebezahl.xml,scheerbart-ruebezahl,Schauspiel in fünf Aufzügen,
nestroy-freiheit-in-kraehwinkel.xml,nestroy-freiheit-in-kraehwinkel,Posse mit Gesang in zwei Abteilungen und drei Aufzügen,
grillparzer-des-meeres-und-der-liebe-wellen.xml,grillparzer-des-meeres-und-der-liebe-wellen,Trauerspiel in fünf Aufzügen,Trauerspiel
beer-struensee.xml,beer-struensee,Trauerspiel in fünf Aufzügen,Trauerspiel
andre-der-comoedienfeind.xml,andre-der-comoedienfeind,Ein Lustspiel in einem Aufzuge,Lustspiel
zedlitz-liebe-findet-ihre-wege.xml,zedlitz-liebe-findet-ihre-wege,Lustspiel in vier Aufzügen,Lustspiel
richter-eumenides-duester.xml,richter-eumenides-duester,Trauerspiel nach Adolph Müllner's Weise,Trauerspiel
ball-die-nase-des-michelangelo.xml,ball-die-nase-des-michelangelo,Tragikomödie,Tragikomödie
kotzebue-menschenhass-und-reue.xml,kotzebue-menschenhass-und-reue,Schauspiel in fünf Aufzügen,
ruederer-die-fahnenweihe.xml,ruederer-die-fahnenweihe,Eine Komödie in drei Akten,Komödie
kurz-prinzessin-pumphia.xml,kurz-prinzessin-pumphia,Eine Parodie in lächerlichen Versen,
wedekind-fritz-schwigerling.xml,wedekind-fritz-schwigerling,Schwank in drei Aufzügen,
babo-das-winterquartier-in-amerika.xml,babo-das-winterquartier-in-amerika,Ein Original-Lustspiel in einem Aufzug,Lustspiel
klingemann-faust.xml,klingemann-faust,Ein Trauerspiel in fünf Acten,Trauerspiel
auenbrugger-der-rauchfangkehrer.xml,auenbrugger-der-rauchfangkehrer,Ein musikalisches Lustspiel in drey Aufzügen,Lustspiel
wagner-tannhaeuser.xml,wagner-tannhaeuser,Große romantische Oper in drei Akten,
hafner-der-furchtsame.xml,hafner-der-furchtsame,Ein Lustspiel in drey Aufzügen,Lustspiel
braun-von-braunthal-das-nachtlager-von-granada.xml,braun-von-braunthal-das-nachtlager-von-granada,Romantische Oper in zwei Aufzügen,
zedlitz-herr-und-sklave.xml,zedlitz-herr-und-sklave,Trauerspiel in zwei Aufzügen,Trauerspiel
eckardt-die-vergiftete-traube.xml,eckardt-die-vergiftete-traube,"Ein Trauerspiel in Einem Aufzuge, Mit doppelter Katastrophe. Wie es auf
          dem Prager Nationaltheater nicht aufgeführt worden",Trauerspiel
raimund-der-barometermacher-auf-der-zauberinsel.xml,raimund-der-barometermacher-auf-der-zauberinsel,"Zauberposse mit Gesang und Tanz in zwei Aufzügen als Parodie des Märchens:
          Prinz Tutu",
scheerbart-die-puppe-und-die-dauerwurst.xml,scheerbart-die-puppe-und-die-dauerwurst,Ein soziales Drama,
wedekind-hidalla.xml,wedekind-hidalla,Schauspiel in fünf Akten,
nestroy-der-zerrissene.xml,nestroy-der-zerrissene,Posse mit Gesang in drei Aufzügen,
wezel-der-graf-von-wickham.xml,wezel-der-graf-von-wickham,Ein Trauerspiel in Fünf Aufzügen,Trauerspiel
moser-krieg-oder-frieden.xml,moser-krieg-oder-frieden,Dramatische Bagatelle in einem Akt,
essig-der-frauenmut.xml,essig-der-frauenmut,Lustspiel in fünf Aufzügen,Lustspiel
dehmel-die-menschenfreunde.xml,dehmel-die-menschenfreunde,Drama in drei Akten,
schnitzler-die-letzten-masken.xml,schnitzler-die-letzten-masken,Schauspiel in einem Akt,
cronegk-der-misstrauische.xml,cronegk-der-misstrauische,Ein Lustspiel in fünf Aufzügen,Lustspiel
hagemann-ludwig-der-springer.xml,hagemann-ludwig-der-springer,Schauspiel in fünf Aufzügen,
sturz-julie.xml,sturz-julie,Ein Trauerspiel in fünf Aufzügen,Trauerspiel
bretzner-belmont-und-constanze.xml,bretzner-belmont-und-constanze,Eine Operette in drey Akten,
frech-von-ehrimfeld-die-gefahr.xml,frech-von-ehrimfeld-die-gefahr,Eine dramatische Situation,
freytag-graf-waldemar.xml,freytag-graf-waldemar,Schauspiel in fünf Akten,
schlegel-dueval-und-charmille.xml,schlegel-dueval-und-charmille,"Ein bürgerlich Trauerspiel in fünf Aufzügen. Von einem
          Frauenzimmer",Trauerspiel
busoni-doktor-faust.xml,busoni-doktor-faust,,
tieck-der-abschied.xml,tieck-der-abschied,Ein Trauerspiel in zwei Aufzügen,Trauerspiel
benkowitz-die-jubelfeier-der-hoelle.xml,benkowitz-die-jubelfeier-der-hoelle,Ein Drama zum Anfang des neunzehnten Jahrhunderts,
wolfram-faust.xml,wolfram-faust,Ein dramatisches Gedicht in drei Abschnitten,
wedekind-die-zensur.xml,wedekind-die-zensur,Theodizee in einem Akt,
engelke-wala.xml,engelke-wala,,
lenz-der-hofmeister.xml,lenz-der-hofmeister,Eine Komödie,Komödie
weissenthurn-johann-herzog-von-finnland.xml,weissenthurn-johann-herzog-von-finnland,"Schauspiel in fünf Aufzügen, nach der Geschichte, mit den nöthigen
          theatralischen Änderungen",
seemann-dulk-die-waende.xml,seemann-dulk-die-waende,Eine politische Komödie in einem Akte,Komödie
hauptmann-carl-gaukler-tod-und-juwelier.xml,hauptmann-carl-gaukler-tod-und-juwelier,Spiel in fünf Akten,
kotzebue-die-alten-liebschaften.xml,kotzebue-die-alten-liebschaften,Lustspiel in Einem Akt,Lustspiel
laddey-maentelchen-nach-dem-winde.xml,laddey-maentelchen-nach-dem-winde,Lustspiel in einem Akt,Lustspiel
lenz-die-freunde-machen-den-philosophen.xml,lenz-die-freunde-machen-den-philosophen,Eine Komödie,Komödie
seume-miltiades.xml,seume-miltiades,Ein Trauerspiel in fünf Aufzügen,Trauerspiel
schnitzler-das-weite-land.xml,schnitzler-das-weite-land,Tragikomödie in fünf Akten,Tragikomödie
schiller-don-carlos-infant-von-spanien.xml,schiller-don-carlos-infant-von-spanien,Ein dramatisches Gedicht,
halm-der-sohn-der-wildnis.xml,halm-der-sohn-der-wildnis,Dramatisches Gedicht in fünf Akten,
thoma-erster-klasse.xml,thoma-erster-klasse,Bauernschwank in einem Akt,
schiller-die-verschwoerung-des-fiesco-zu-genua.xml,schiller-die-verschwoerung-des-fiesco-zu-genua,Ein republikanisches Trauerspiel,Trauerspiel
hebbel-gyges-und-sein-ring.xml,hebbel-gyges-und-sein-ring,Eine Tragödie in fünf Akten,Tragödie
arnim-halle.xml,arnim-halle,Ein Studentenspiel in drei Aufzügen,
maler-mueller-golo-und-genovefa.xml,maler-mueller-golo-und-genovefa,Ein Schauspiel in fünf Aufzügen,
sachs-ein-comedi-von-dem-reichen-sterbenden-menschen-der-hecastus-genannt.xml,sachs-ein-comedi-von-dem-reichen-sterbenden-menschen-der-hecastus-genannt,hat neunzehen personen und 5 actus zu spielen,
gryphius-carolus-stuardus.xml,gryphius-carolus-stuardus,Trauerspiel,Trauerspiel
laube-die-karlsschueler.xml,laube-die-karlsschueler,,
lessing-der-junge-gelehrte.xml,lessing-der-junge-gelehrte,Ein Lustspiel in drei Aufzügen,Lustspiel
fock-cili-cohrs.xml,fock-cili-cohrs,Irnsthaftig Spill,
schlegel-die-entfuehrte-dose.xml,schlegel-die-entfuehrte-dose,Ein Lustspiel in einem Aufzuge,Lustspiel
koerner-die-blumen.xml,koerner-die-blumen,Ein Spiel in Versen,
iffland-der-spieler.xml,iffland-der-spieler,Ein Schauspiel in fünf Aufzügen,
hofmannsthal-der-abenteurer-und-die-saengerin.xml,hofmannsthal-der-abenteurer-und-die-saengerin,In einem Aufzug (mit einer Verwandlung),
hebbel-siegfrieds-tod.xml,hebbel-siegfrieds-tod,Ein Trauerspiel in fünf Akten,Trauerspiel
lessing-der-freigeist.xml,lessing-der-freigeist,Ein Lustspiel in fünf Aufzügen,Lustspiel
reinhardt-die-braut-des-echos.xml,reinhardt-die-braut-des-echos,Lustspiel in einem Akte,Lustspiel
heyne-die-beiden-billets.xml,heyne-die-beiden-billets,Ein Lustspiel in einem Akt,Lustspiel
anonym-die-weiber-list.xml,anonym-die-weiber-list,Ein Lustspiel in einer Handlung,Lustspiel
wallenrodt-noch-jemands-ankunft-auf-st-helena.xml,wallenrodt-noch-jemands-ankunft-auf-st-helena,Nachspiel in Einem Akt,
kaltneker-die-opferung.xml,kaltneker-die-opferung,Eine Tragödie in vier Akten,Tragödie
gottschedin-die-pietisterey-im-fischbein-rocke.xml,gottschedin-die-pietisterey-im-fischbein-rocke,,
sorge-odysseus.xml,sorge-odysseus,Dramatische Phantasie,
barlach-der-blaue-boll.xml,barlach-der-blaue-boll,Drama,
hauptmann-carl-musik.xml,hauptmann-carl-musik,Spiel in vier Akten,
kaiser-die-koralle.xml,kaiser-die-koralle,Schauspiel in fünf Akten,
dohm-die-ritter-vom-goldenen-kalb.xml,dohm-die-ritter-vom-goldenen-kalb,Lustspiel in 1 Akt,Lustspiel
auffenberg-der-loewe-von-kurdistan.xml,auffenberg-der-loewe-von-kurdistan,"Ein romantisches Schauspiel in fünf Acten. Nach W. Scott's Talisman
          bearbeitet",
schiller-wallensteins-lager.xml,schiller-wallensteins-lager,,
gutzkow-richard-savage.xml,gutzkow-richard-savage,Trauerspiel in fünf Aufzügen,Trauerspiel
brentano-die-gruendung-prags.xml,brentano-die-gruendung-prags,Ein historisch-romantisches Drama,
maler-mueller-fausts-leben-dramatisiert.xml,maler-mueller-fausts-leben-dramatisiert,,
anonym-der-von-der-liebe-betrogene-philosoph.xml,anonym-der-von-der-liebe-betrogene-philosoph,"Ein Lustspiel von einem Aufzuge aus dem Französischen des Herrn Saintfoix
          übersezt",Lustspiel
wagner-siegfried.xml,wagner-siegfried,,
leisewitz-der-besuch-um-mitternacht.xml,leisewitz-der-besuch-um-mitternacht,,
wildgans-armut.xml,wildgans-armut,Ein Trauerspiel in fünf Akten,Trauerspiel
goethe-die-mitschuldigen.xml,goethe-die-mitschuldigen,Ein Lustspiel in einem Akte,Lustspiel
klemm-der-besuch.xml,klemm-der-besuch,Ein Lustspiel in einem Aufzuge,Lustspiel
gottschedin-das-testament.xml,gottschedin-das-testament,Ein deutsches Lustspiel in fünf Aufzügen,Lustspiel
zschokke-abellino.xml,zschokke-abellino,Schauspiel in 5 Aufzügen,
hauptmann-florian-geyer.xml,hauptmann-florian-geyer,Die Tragödie des Bauernkrieges,Tragödie
costenoble-die-katze-laesst-das-mausen-nicht.xml,costenoble-die-katze-laesst-das-mausen-nicht,Lustspiel in einem Aufzuge. Fortsetzung des Bauerngutes,Lustspiel
kraus-traumstueck.xml,kraus-traumstueck,,
schaefer-faustine-der-weibliche-faust.xml,schaefer-faustine-der-weibliche-faust,Tragödie in sechs Aufzügen nebst Vorspiel und Prolog,Tragödie
bodmer-odoardo-galotti-vater-der-emilia.xml,bodmer-odoardo-galotti-vater-der-emilia,"Ein Pendant zu Emilia. In einem Aufzuge und Epilogus zur Emilia
          Galotti",
lessing-der-misogyn.xml,lessing-der-misogyn,Ein Lustspiel in drei Aufzügen,Lustspiel
wolf-professor-mamlock.xml,wolf-professor-mamlock,Ein Schauspiel,
kleist-amphitryon.xml,kleist-amphitryon,Ein Lustspiel nach Molière,Lustspiel
gerhaeuser-der-moloch.xml,gerhaeuser-der-moloch,Musikalische Tragödie in drei Aufzügen,Tragödie
wagner-das-rheingold.xml,wagner-das-rheingold,,
hartleben-hanna-jagert.xml,hartleben-hanna-jagert,Komödie,Komödie
scheerbart-die-urgrossmutter.xml,scheerbart-die-urgrossmutter,Eine Tragi-Komödie in einem Aufzuge,Tragikomödie
ertler-anna-iwanowna.xml,ertler-anna-iwanowna,"Ein Schauspiel in drei Akten und einem Vorspiel als Oper vertont von
          Konrad Steckl",
werner-der-vierundzwanzigste-februar.xml,werner-der-vierundzwanzigste-februar,Eine Tragödie in einem Akt,Tragödie
wagner-voltaire-am-abend-seiner-apotheose.xml,wagner-voltaire-am-abend-seiner-apotheose,Aus dem Französischen,
hensler-die-teufelsmuehle-am-wienerberg.xml,hensler-die-teufelsmuehle-am-wienerberg,Ein österreichisches Volksmährchen mit Gesang in vier Aufzügen,
huber-die-torte.xml,huber-die-torte,Ein Lustspiel für Kinder in einem Aufzuge,Lustspiel
alexander-die-verpfaendung.xml,alexander-die-verpfaendung,Ein Schauspiel in einem Aufzuge,
gasser-ramirus.xml,gasser-ramirus,in einem Aufzuge,
benedix-doctor-wespe.xml,benedix-doctor-wespe,Lustspiel in fünf Aufzügen,Lustspiel
hebbel-der-diamant.xml,hebbel-der-diamant,Eine Komödie in fünf Akten,Komödie
goethe-das-jahrmarktsfest-zu-plundersweilern.xml,goethe-das-jahrmarktsfest-zu-plundersweilern,Ein Schönbartspiel,
lessing-die-alte-jungfer.xml,lessing-die-alte-jungfer,Ein Lustspiel in drei Aufzügen,Lustspiel
iffland-die-jaeger.xml,iffland-die-jaeger,Ein ländliches Sittengemälde in fünf Aufzügen,
rubiner-die-gewaltlosen.xml,rubiner-die-gewaltlosen,Drama in vier Akten,
lessing-minna-von-barnhelm.xml,lessing-minna-von-barnhelm,Ein Lustspiel in fünf Aufzügen,Lustspiel
grillparzer-der-gastfreund.xml,grillparzer-der-gastfreund,Trauerspiel in einem Aufzuge,Trauerspiel
beer-der-paria.xml,beer-der-paria,Trauerspiel in einem Aufzuge,Trauerspiel
hofmannsthal-die-frau-im-fenster.xml,hofmannsthal-die-frau-im-fenster,,
muellner-der-neun-und-zwanzigste-februar.xml,muellner-der-neun-und-zwanzigste-februar,Trauerspiel in einem Akt,Trauerspiel
muehsam-judas.xml,muehsam-judas,Arbeiterdrama in fünf Akten,
hillern-guten-abend.xml,hillern-guten-abend,Dramatischer Scherz in einem Act,
brawe-der-freygeist.xml,brawe-der-freygeist,Ein Trauerspiel in fünf Aufzügen,Trauerspiel
kotzebue-der-arme-poet.xml,kotzebue-der-arme-poet,Ein Schauspiel in Einem Akt,
ebner-eschenbach-die-selbstsuechtigen.xml,ebner-eschenbach-die-selbstsuechtigen,Lustspiel in drei Aufzügen,Lustspiel
meisl-orpheus-und-euridice.xml,meisl-orpheus-und-euridice,Eine mythologische Karrikatur in zwey Acten in Knittelreimen,
wolf-cyankali.xml,wolf-cyankali,Ein Schauspiel,
gottschedin-der-witzling.xml,gottschedin-der-witzling,Ein deutsches Nachspiel in einem Aufzuge,
freisleben-der-weihnachtstag.xml,freisleben-der-weihnachtstag,"Drama in Einem Aufzuge. Bearbeitet nach einer Schreckensscene aus der
          wirklichen Welt",
gellert-die-zaertlichen-schwestern.xml,gellert-die-zaertlichen-schwestern,Ein Lustspiel in drei Aufzügen,Lustspiel
hartleben-rosenmontag.xml,hartleben-rosenmontag,Eine Offiziers-Tragödie,Tragödie
kotzebue-der-schutzgeist.xml,kotzebue-der-schutzgeist,Eine dramatische Legende in sechs Akten nebst einem Vorspiel,
holz-jerschke-traumulus.xml,holz-jerschke-traumulus,Tragische Komödie,Tragikomödie
lasker-schueler-die-wupper.xml,lasker-schueler-die-wupper,Schauspiel in fünf Aufzügen,
hauptmann-gabriel-schillings-flucht.xml,hauptmann-gabriel-schillings-flucht,Drama,
brandes-ino.xml,brandes-ino,Ein Melodrama,
stephanie-doktor-und-apotheker.xml,stephanie-doktor-und-apotheker,Komische Oper in zwei Aufzügen,
hofmannsthal-der-rosenkavalier.xml,hofmannsthal-der-rosenkavalier,Komödie für Musik,Komödie
gryphius-absurda-comica-oder-herr-peter-squentz.xml,gryphius-absurda-comica-oder-herr-peter-squentz,Schimpff-Spiel,
wagner-die-kindermoerderin.xml,wagner-die-kindermoerderin,Ein Trauerspiel,Trauerspiel
hauptmann-die-ratten.xml,hauptmann-die-ratten,Berliner Tragikomödie,Tragikomödie
dohm-vom-stamm-der-asra.xml,dohm-vom-stamm-der-asra,Lustspiel in einem Act,Lustspiel
wildgans-dies-irae.xml,wildgans-dies-irae,Eine Tragödie in fünf Akten,Tragödie
lessing-miss-sara-sampson.xml,lessing-miss-sara-sampson,Ein Trauerspiel in fünf Aufzügen,Trauerspiel
gronemann-hamans-flucht.xml,gronemann-hamans-flucht,"Ein Purimspiel, in fünf Bildern",
guenderode-nikator.xml,guenderode-nikator,Eine dramatische Skizze in drei Akten,
cornelius-der-barbier-von-bagdad.xml,cornelius-der-barbier-von-bagdad,Komische Oper in zwei Aufzügen,
may-babel-und-bibel.xml,may-babel-und-bibel,Arabische Fantasia in zwei Akten,
borchert-draussen-vor-der-tuer.xml,borchert-draussen-vor-der-tuer,"Ein Stück, das kein Theater spielen und kein Publikum sehen will",
hafner-maegera-die-foerchterliche-hexe.xml,hafner-maegera-die-foerchterliche-hexe,Ein neues Zauberlustspiel,Lustspiel
steltzer-franziska-montenegro.xml,steltzer-franziska-montenegro,Ein Trauerspiel in fünf Aufzügen,Trauerspiel
bossdorf-bahnmeister-dood.xml,bossdorf-bahnmeister-dood,En nedderdüütsch Drama in fief Akten,
babo-arno.xml,babo-arno,Ein militärisches Drama in zween Aufzügen,
moser-das-stiftungsfest.xml,moser-das-stiftungsfest,Schwank in 3 Aufzügen,
krueger-die-candidaten.xml,krueger-die-candidaten,Ein Lustspiel in fünf Handlungen,Lustspiel
bueschel-julus-und-rhea.xml,bueschel-julus-und-rhea,Ein musikalisches Drama in einem Akt,
lessing-nathan-der-weise.xml,lessing-nathan-der-weise,Ein dramatisches Gedicht in fünf Aufzügen,
kotzebue-der-freimaurer.xml,kotzebue-der-freimaurer,Lustspiel in Einem Act,Lustspiel
immermann-merlin.xml,immermann-merlin,Eine Mythe,
scheerbart-das-mirakel.xml,scheerbart-das-mirakel,Eine dramatische Szene,
raimund-die-unheilbringende-zauberkrone.xml,raimund-die-unheilbringende-zauberkrone,Tragisch-komisches Original-Zauberspiel in zwei Aufzügen,
scheerbart-das-dumme-luder.xml,scheerbart-das-dumme-luder,Ein Jupiter-Drama,
beyer-der-hausherr-in-der-klemme.xml,beyer-der-hausherr-in-der-klemme,Ein Spiel in Versen in einem Aufzug,
heyse-don-juans-ende.xml,heyse-don-juans-ende,Trauerspiel in fünf Akten,Trauerspiel
hebbel-kriemhilds-rache.xml,hebbel-kriemhilds-rache,Ein Trauerspiel in fünf Akten,Trauerspiel
klinger-simsone-grisaldo.xml,klinger-simsone-grisaldo,Ein Schauspiel in fünf Akten,
schink-hanswurst-von-salzburg-mit-dem-hoelzernen-gat.xml,schink-hanswurst-von-salzburg-mit-dem-hoelzernen-gat,Historisch Schauspiel in drei Aufzügen,
kleist-der-zerbrochene-krug.xml,kleist-der-zerbrochene-krug,Ein Lustspiel,Lustspiel
hofmannsthal-der-turm.xml,hofmannsthal-der-turm,Ein Trauerspiel in fünf Aufzügen,Trauerspiel
ernst-die-groesste-suende.xml,ernst-die-groesste-suende,Drama in 5 Akten,
schlegel-der-triumph-der-guten-frauen.xml,schlegel-der-triumph-der-guten-frauen,Ein Lustspiel in fünf Aufzügen,Lustspiel
goethe-faust-eine-tragoedie.xml,goethe-faust-eine-tragoedie,Eine Tragödie,Tragödie
raupach-kritik-und-antikritik.xml,raupach-kritik-und-antikritik,Lustspiel in vier Akten,Lustspiel
weidmann-der-dorfbarbier.xml,weidmann-der-dorfbarbier,Komische Oper in einem Akt,
ertler-das-spiel-von-doktor-faust.xml,ertler-das-spiel-von-doktor-faust,Ein deutsches Stück im Volkston in einem Vorspiel und drei Akten,
hafner-die-reisenden-komoedianten.xml,hafner-die-reisenden-komoedianten,Ein Lustspiel von einer Abhandlung,Lustspiel
ayrenhoff-der-postzug.xml,ayrenhoff-der-postzug,Ein Lustspiel in zween Aufzügen,Lustspiel
kleist-penthesilea.xml,kleist-penthesilea,Ein Lustspiel nach Molière,Lustspiel
preusse-herzmutterchen.xml,preusse-herzmutterchen,Lustspiel in einem Act von Dennery und Lemoine,Lustspiel
schlegel-canut.xml,schlegel-canut,Ein Trauerspiel,Trauerspiel
brawe-brutus.xml,brawe-brutus,Ein Trauerspiel in fünf Aufzügen,Trauerspiel
immermann-andreas-hofer.xml,immermann-andreas-hofer,Ein Trauerspiel,Trauerspiel
kotzebue-das-posthaus-in-treuenbrietzen.xml,kotzebue-das-posthaus-in-treuenbrietzen,Lustspiel in einem Akt,Lustspiel
krueger-die-geistlichen-auf-dem-lande.xml,krueger-die-geistlichen-auf-dem-lande,Ein Lustspiel in drey Handlungen,Lustspiel
gottsched-atalanta.xml,gottsched-atalanta,"Ein Schäferspiel, in fünf Aufzügen",
solbrig-die-dorfschule.xml,solbrig-die-dorfschule,Eine charakteristische Posse in einem Akte,
grabbe-napoleon.xml,grabbe-napoleon,Ein Drama in fünf Aufzügen,
sudermann-der-bettler-von-syrakus.xml,sudermann-der-bettler-von-syrakus,Tragödie in fünf Akten und einem Vorspiel,Tragödie
borkenstein-der-bookesbeutel.xml,borkenstein-der-bookesbeutel,Ein Lustspiel von Drey Aufzügen,Lustspiel
scheerbart-die-welt-geht-unter.xml,scheerbart-die-welt-geht-unter,Ein Tableau,
schlegel-alarcos.xml,schlegel-alarcos,Ein Trauerspiel in zwei Aufzügen,Trauerspiel
schuetz-die-katze-laesst-das-mausen-nicht.xml,schuetz-die-katze-laesst-das-mausen-nicht,"Sprüchwort in einem Aufzuge, als Fortsetzung des Bauernguts",
alberti-brot.xml,alberti-brot,Ein soziales Schauspiel in fünf Akten,
gerstenberg-ugolino.xml,gerstenberg-ugolino,Eine Tragödie in fünf Aufzügen,Tragödie
ebner-eschenbach-maennertreue.xml,ebner-eschenbach-maennertreue,Lustspiel in vier Aufzügen. Nach einer Novelle des Bandello,Lustspiel
moritz-blunt-oder-der-gast.xml,moritz-blunt-oder-der-gast,Ein Schauspiel in einem Aufzuge,
blumenthal-im-weissen-roessl.xml,blumenthal-im-weissen-roessl,Lustspiel in drei Aufzügen,Lustspiel
gottsched-der-sterbende-cato.xml,gottsched-der-sterbende-cato,Ein Trauerspiel,Trauerspiel
guenderode-der-kanonenschlag.xml,guenderode-der-kanonenschlag,Ein heroisches komisches tragisches Schauspiel,
raupach-der-bettler.xml,raupach-der-bettler,Schauspiel in einem Aufzuge,
weissenthurn-die-schwestern-st-janvier.xml,weissenthurn-die-schwestern-st-janvier,Schauspiel in fünf Aufzügen,
nestroy-das-haus-der-temperamente.xml,nestroy-das-haus-der-temperamente,Posse mit Gesang in zwei Akten,
sonnleithner-dir-wie-mir.xml,sonnleithner-dir-wie-mir,Eine dramatische Kleinigkeit in einem Akt,
wagner-lohengrin.xml,wagner-lohengrin,Romantische Oper in drei Aufzügen,
wedekind-fruehlings-erwachen.xml,wedekind-fruehlings-erwachen,Eine Kindertragödie,Tragödie
lassalle-franz-von-sickingen.xml,lassalle-franz-von-sickingen,Eine historische Tragödie,Tragödie
pfeffel-serena.xml,pfeffel-serena,Ein Bürgerliches Trauerspiel,Trauerspiel
leisewitz-julius-von-tarent.xml,leisewitz-julius-von-tarent,Ein Trauerspiel,Trauerspiel
hauptmann-carl-im-goldenen-tempel-buche-verzeichnet.xml,hauptmann-carl-im-goldenen-tempel-buche-verzeichnet,"(Nach einer japanischen Skizze) / Dichtung in drei Vorgängen / (Hinter
          Schleiern zu spielen)",
grabbe-die-hermannsschlacht.xml,grabbe-die-hermannsschlacht,,
sorge-der-bettler.xml,sorge-der-bettler,Eine dramatische Sendung,
rache-belsazar.xml,rache-belsazar,Drama in 1 Akt,
goethe-goetter-helden-und-wieland.xml,goethe-goetter-helden-und-wieland,Eine Farce,
hofmannsthal-arabella.xml,hofmannsthal-arabella,Lyrische Komödie in drei Aufzügen,Komödie
schnitzler-der-puppenspieler.xml,schnitzler-der-puppenspieler,Studie in einem Aufzug,
hofmannsthal-der-schwierige.xml,hofmannsthal-der-schwierige,Lustspiel in drei Akten,Lustspiel
wildgans-in-ewigkeit-amen.xml,wildgans-in-ewigkeit-amen,Ein gerichtliches Vorspiel in einem Akt,
wildenbruch-die-karolinger.xml,wildenbruch-die-karolinger,Trauerspiel in vier Akten,Trauerspiel
ebner-eschenbach-es-wandelt-niemand-ungestraft-unter-palmen.xml,ebner-eschenbach-es-wandelt-niemand-ungestraft-unter-palmen,Dramatisches Sprichwort,
pelzel-apolls-gericht-oder-das-bestrafte-vorurtheil-vindebonens.xml,pelzel-apolls-gericht-oder-das-bestrafte-vorurtheil-vindebonens,Ein allegorisches Drama in einem Akte von einem Wiener,
wilbrandt-gracchus-der-volkstribun.xml,wilbrandt-gracchus-der-volkstribun,Trauerspiel in fünf Aufzügen,Trauerspiel
bodmer-polytimet.xml,bodmer-polytimet,"Ein Trauerspiel. Durch Lessings Philotas, oder ungerathenen Helden
          veranlasset",Trauerspiel
sievers-die-schatzgraeber.xml,sievers-die-schatzgraeber,Posse in einem Aufzuge. Fortsetzung der beiden Billets,
kraus-die-letzten-tage-der-menschheit.xml,kraus-die-letzten-tage-der-menschheit,Tragödie in fünf Akten mit Vorspiel und Epilog,Tragödie
kotzebue-maedchenfreundschaft.xml,kotzebue-maedchenfreundschaft,Ein Lustspiel in einem Akt,Lustspiel
grabbe-kaiser-friedrich-barbarossa.xml,grabbe-kaiser-friedrich-barbarossa,Eine Tragödie in fünf Akten,Tragödie
lautensack-die-pfarrhauskomoedie.xml,lautensack-die-pfarrhauskomoedie,Carmen Sacerdotale / Drei Szenen,
wieland-alceste.xml,wieland-alceste,Ein Singspiel in fünf Aufzügen,
weise-masaniello.xml,weise-masaniello,Trauerspiel,Trauerspiel
hasenclever-der-sohn.xml,hasenclever-der-sohn,Ein Drama in fünf Akten,
immermann-eudoxia.xml,immermann-eudoxia,Ein Epilog,
grabbe-kaiser-heinrich-der-sechste.xml,grabbe-kaiser-heinrich-der-sechste,Eine Tragödie in fünf Akten,Tragödie
schnitzler-lebendige-stunden.xml,schnitzler-lebendige-stunden,Ein Akt,
gryphius-papinianus.xml,gryphius-papinianus,Trauerspiel,Trauerspiel
goethe-egmont.xml,goethe-egmont,Ein Trauerspiel in fünf Aufzügen,Trauerspiel
kotzebue-die-spanier-in-peru.xml,kotzebue-die-spanier-in-peru,Ein romantisches Trauerspiel in fünf Aufzügen,Trauerspiel
grohmann-wohlthat-fuer-wohlthat.xml,grohmann-wohlthat-fuer-wohlthat,Ein Schauspiel in zween Aufzügen,
boettger-das-kaffee-haus-zu-paris.xml,boettger-das-kaffee-haus-zu-paris,Ein Lustspiel in einem Akte,Lustspiel
kind-der-freischuetz.xml,kind-der-freischuetz,Romantische Oper in drei Aufzügen,
holz-schlaf-die-familie-selicke.xml,holz-schlaf-die-familie-selicke,Drama in drei Aufzügen,
hensler-der-schornsteinfeger.xml,hensler-der-schornsteinfeger,Ein Original Lustspiel in drey Aufzügen,Lustspiel
schiller-die-jungfrau-von-orleans.xml,schiller-die-jungfrau-von-orleans,Eine romantische Tragödie,Tragödie
schink-der-neue-doktor-faust.xml,schink-der-neue-doktor-faust,"Eine Plaisanterie mit Gesang, in zwei Aufzügen",
frank-sturm-im-wasserglas.xml,frank-sturm-im-wasserglas,Komödie in drei Akten,Komödie
malss-die-jungfern-koechinnen.xml,malss-die-jungfern-koechinnen,Lokalposse in einem Akt,
kotzebue-der-verschwiegene-wider-willen.xml,kotzebue-der-verschwiegene-wider-willen,Ein Lustspiel in Einem Act,Lustspiel
tieck-die-verkehrte-welt.xml,tieck-die-verkehrte-welt,Ein historisches Schauspiel in fünf Aufzügen,
schiller-die-braut-von-messina.xml,schiller-die-braut-von-messina,Ein Trauerspiel mit Chören,Trauerspiel
chlumberg-die-fuehrer.xml,chlumberg-die-fuehrer,Ein Schauspiel in vier Akten und einem Vorspiel,
larronge-hasemanns-toechter.xml,larronge-hasemanns-toechter,Volksstück in 4 Akten,
weissenthurn-welche-ist-die-braut.xml,weissenthurn-welche-ist-die-braut,Ein Lustspiel in fünf Aufzügen,Lustspiel
goethe-die-natuerliche-tochter.xml,goethe-die-natuerliche-tochter,Trauerspiel,Trauerspiel
waldvogl-die-falschen-banknoten.xml,waldvogl-die-falschen-banknoten,Ein Trauerspiel in drey Akten,Trauerspiel
schlaf-meister-oelze.xml,schlaf-meister-oelze,Drama in drei Aufzügen,
goethe-die-laune-des-verliebten.xml,goethe-die-laune-des-verliebten,Ein Schäferspiel in Versen und einem Akte,
tieck-karl-von-berneck.xml,tieck-karl-von-berneck,Trauerspiel in fünf Aufzügen,Trauerspiel
gessner-evander-und-alcimna.xml,gessner-evander-und-alcimna,Ein Schæferspiel,
lautensack-medusa.xml,lautensack-medusa,Aus den Papieren eines Mönches,
platen-der-romantische-oedipus.xml,platen-der-romantische-oedipus,Ein Lustspiel in 5 Akten,Lustspiel
rosenow-kater-lampe.xml,rosenow-kater-lampe,Komödie in vier Akten,Komödie
schlegel-der-geschaeftige-muessiggaenger.xml,schlegel-der-geschaeftige-muessiggaenger,Ein Lustspiel,Lustspiel
busoni-turandot.xml,busoni-turandot,Eine chinesische Fabel nach Gozzi in zwei Akten,
anonym-emilie-oder-die-philosophisch-verliebten.xml,anonym-emilie-oder-die-philosophisch-verliebten,Ein Lustspiel von einem Aufzuge,Lustspiel
berg-kalisch-berlin-wie-es-weint-und-lacht.xml,berg-kalisch-berlin-wie-es-weint-und-lacht,Volksstück mit Gesang in 3 Aufzügen und 11 Bildern,
essig-ueberteufel.xml,essig-ueberteufel,Tragödie in fünf Aufzügen,Tragödie
lautensack-hahnenkampf.xml,lautensack-hahnenkampf,Eine Komödie in sechs Szenen,Komödie
ebner-eschenbach-die-veilchen.xml,ebner-eschenbach-die-veilchen,Lustspiel in einem Aufzuge,Lustspiel
weissenthurn-welcher-ist-der-braeutigam.xml,weissenthurn-welcher-ist-der-braeutigam,Ein Lustspiel in 4 Aufzügen,Lustspiel
hebbel-herodes-und-mariamne.xml,hebbel-herodes-und-mariamne,Eine Tragödie in fünf Akten,Tragödie
scheerbart-die-wurzeln-der-wohlhabenheit.xml,scheerbart-die-wurzeln-der-wohlhabenheit,Ein schildbürgerliches Schauspiel in fünf Akten,
stramm-rudimentaer.xml,stramm-rudimentaer,,
hauptmann-carl-der-antiquar.xml,hauptmann-carl-der-antiquar,Komödie in einem Akt,Komödie
heiseler-peter-und-alexej.xml,heiseler-peter-und-alexej,Tragödie,Tragödie
kaiser-die-industrie-ausstellung.xml,kaiser-die-industrie-ausstellung,Volksstück mit Gesang in zwei Acten,
iffland-verbrechen-aus-ehrsucht.xml,iffland-verbrechen-aus-ehrsucht,Ein Familiengemälde in fünf Aufzügen,
mosenthal-die-lustigen-weiber-von-windsor.xml,mosenthal-die-lustigen-weiber-von-windsor,Komisch-phantastische Oper in drei Aufzügen,
wagner-parsifal.xml,wagner-parsifal,Ein Bühnenweihfestspiel,
gotter-die-erbschleicher.xml,gotter-die-erbschleicher,Ein Lustspiel in fünf Akten,Lustspiel
heine-william-ratcliff.xml,heine-william-ratcliff,Tragödie,Tragödie
malss-der-alte-buerger-capitain.xml,malss-der-alte-buerger-capitain,Lustspiel in zwei Aufzügen,Lustspiel
spiess-klara-von-hoheneichen.xml,spiess-klara-von-hoheneichen,Ritterschauspiel aus dem funfzehnten Jahrhunderte in vier Aufzügen,
anzengruber-das-vierte-gebot.xml,anzengruber-das-vierte-gebot,Volksstück in vier Akten,
laufs-jacoby-pension-schoeller.xml,laufs-jacoby-pension-schoeller,Posse in drei Aufzügen,
kotzebue-graf-benjowsky.xml,kotzebue-graf-benjowsky,Ein Schauspiel in fünf Aufzügen,
devrient-die-gunst-des-augenblicks.xml,devrient-die-gunst-des-augenblicks,Lustspiel in drei Akten,Lustspiel
alberti-im-suff.xml,alberti-im-suff,"Naturalistische Spital-Katastrophe in zwei Vorgängen und einem
          Nachgang",
neuber-das-schaeferfest.xml,neuber-das-schaeferfest,Ein deutsches Lustspiel in Versen,Lustspiel
schoenthan-der-raub-der-sabinerinnen.xml,schoenthan-der-raub-der-sabinerinnen,Schwank in vier Akten,
iffland-figaro-in-deutschland.xml,iffland-figaro-in-deutschland,Ein Lustspiel in fünf Aufzügen,Lustspiel
goering-seeschlacht.xml,goering-seeschlacht,Tragödie,Tragödie
hofmannsthal-alkestis.xml,hofmannsthal-alkestis,Ein Trauerspiel nach Euripides,Trauerspiel
nestroy-judith-und-holofernes.xml,nestroy-judith-und-holofernes,Travestie in einem Akt,
raimund-der-verschwender.xml,raimund-der-verschwender,Original-Zaubermärchen in drei Aufzügen,
goethe-clavigo.xml,goethe-clavigo,Ein Trauerspiel,Trauerspiel
klopstock-der-tod-adams.xml,klopstock-der-tod-adams,Ein Trauerspiel,Trauerspiel
reuter-der-ehrlichen-frau-schlampampe-krankheit-und-tod.xml,reuter-der-ehrlichen-frau-schlampampe-krankheit-und-tod,"in einem Lust- und Trauerspiele vorgestellet und aus dem Französischen in
          das Teutsche übergesetzt von Schelmuffsky Reise-Gefährten",Trauerspiel
goethe-des-epimenides-erwachen.xml,goethe-des-epimenides-erwachen,Ein Festspiel,
benedix-johanna-sebus.xml,benedix-johanna-sebus,Drama in 1 Akt,
ayrer-comedia-von-der-schoenen-sidea.xml,ayrer-comedia-von-der-schoenen-sidea,Mit 16 Personen vnd hat 5 Actus,
tieck-die-theegesellschaft.xml,tieck-die-theegesellschaft,Lustspiel in Einem Aufzuge,Lustspiel
gryphius-cardenio-und-celinde.xml,gryphius-cardenio-und-celinde,Trauerspiel,Trauerspiel
ebner-eschenbach-ohne-liebe.xml,ebner-eschenbach-ohne-liebe,Lustspiel in einem Akt,Lustspiel
schnitzer-der-zigeunerbaron.xml,schnitzer-der-zigeunerbaron,Operette in 3 Acten,
dovsky-mona-lisa.xml,dovsky-mona-lisa,Oper in zwei Akten,
birch-pfeiffer-pfeffer-roesel.xml,birch-pfeiffer-pfeffer-roesel,Schauspiel in fünf Aufzügen,
lenz-pandaemonium-germanicum.xml,lenz-pandaemonium-germanicum,Eine Skizze,
bleibtreu-ein-faust-der-that.xml,bleibtreu-ein-faust-der-that,Tragödie in fünf Akten,Tragödie
heyne-der-stammbaum.xml,heyne-der-stammbaum,Erste Fortsetzung der beyden Billets,
scheerbart-es-lebe-europa.xml,scheerbart-es-lebe-europa,Eine Kapitalisten-Tragödie in fünf Akten,Tragödie
dauthendey-die-spielereien-einer-kaiserin.xml,dauthendey-die-spielereien-einer-kaiserin,"Drama in vier Akten, einem Vorspiel und einem Epilog",
kafka-der-gruftwaechter.xml,kafka-der-gruftwaechter,,
schiller-maria-stuart.xml,schiller-maria-stuart,Ein Trauerspiel,Trauerspiel
tieck-prinz-zerbino.xml,tieck-prinz-zerbino,Ein deutsches Lustspiel in sechs Akten,Lustspiel
klinger-die-neue-arria.xml,klinger-die-neue-arria,Ein Schauspiel,
devrient-hans-heiling.xml,devrient-hans-heiling,Romantische Oper in drei Aufzügen und einem Vorspiel,
ebner-eschenbach-doctor-ritter.xml,ebner-eschenbach-doctor-ritter,Dramatisches Gedicht in 1 Aufzuge,
bierbaum-stella-und-antonie.xml,bierbaum-stella-und-antonie,Schauspiel in vier Aufzügen,
hebbel-demetrius.xml,hebbel-demetrius,,
bauernfeld-industrie-und-herz.xml,bauernfeld-industrie-und-herz,Lustspiel in vier Aufzügen,Lustspiel
andre-cremeri-die-leiden-des-jungen-werthers.xml,andre-cremeri-die-leiden-des-jungen-werthers,"Ein Trauerspiel in drey Aufzügen, fürs deutsche Theater. ganz aus dem
          Original gezogen",Trauerspiel
wedekind-tod-und-teufel.xml,wedekind-tod-und-teufel,Drei Szenen,
thoma-lottchens-geburtstag.xml,thoma-lottchens-geburtstag,Lustspiel in einem Akt,Lustspiel
thoma-die-medaille.xml,thoma-die-medaille,Komödie in einem Akt,Komödie
bauernfeld-grossjaehrig.xml,bauernfeld-grossjaehrig,Lustspiel in zwei Aufzügen,Lustspiel
schlosser-die-maskerade.xml,schlosser-die-maskerade,Ein Lustspiel in einem Akt,Lustspiel
anzengruber-der-pfarrer-von-kirchfeld.xml,anzengruber-der-pfarrer-von-kirchfeld,Volksstück mit Gesang in vier Akten,
klemm-der-auf-den-parnass-versetzte-gruene-hut.xml,klemm-der-auf-den-parnass-versetzte-gruene-hut,Ein Lustspiel in drey Aufzügen,Lustspiel
bueschel-die-neue-messaline.xml,bueschel-die-neue-messaline,Trauerspiel in einem Akt,Trauerspiel
baggesen-der-vollendete-faust.xml,baggesen-der-vollendete-faust,Ein dramatisches Gedicht in drei Abtheilungen,
scheerbart-das-gift.xml,scheerbart-das-gift,Eine Mondschein-Komödie,Komödie
wieland-lady-johanna-gray.xml,wieland-lady-johanna-gray,Ein Trauerspiel,Trauerspiel
koerner-zriny.xml,koerner-zriny,Ein Trauerspiel in fünf Aufzügen,Trauerspiel
heiseler-die-kinder-godunofs.xml,heiseler-die-kinder-godunofs,Tragödie,Tragödie
iffland-liebe-und-wille.xml,iffland-liebe-und-wille,Ein ländliches Gespräch in einer Handlung,
heym-atalanta-oder-die-angst.xml,heym-atalanta-oder-die-angst,,
koller-der-zauberstein.xml,koller-der-zauberstein,Eine Posse in einem Aufzuge. Vierte Fortsetzung der beiden Billets,
chezy-euryanthe.xml,chezy-euryanthe,Romantische Oper in drei Aufzügen,
lortzing-zar-und-zimmermann.xml,lortzing-zar-und-zimmermann,Komische Oper in drei Aufzügen,
schnitzler-der-gruene-kakadu.xml,schnitzler-der-gruene-kakadu,Groteske in einem Akt,
schikaneder-die-zauberfloete.xml,schikaneder-die-zauberfloete,Große Oper in zwey Aufzügen,
stramm-erwachen.xml,stramm-erwachen,,
sudermann-stein-unter-steinen.xml,sudermann-stein-unter-steinen,Schauspiel in vier Akten,
hofmannsthal-jedermann.xml,hofmannsthal-jedermann,Das Spiel vom Sterben des reichen Mannes,
grillparzer-der-traum-ein-leben.xml,grillparzer-der-traum-ein-leben,Dramatisches Märchen in vier Aufzügen,
lawaetz-die-diamanten.xml,lawaetz-die-diamanten,Ein Schauspiel in einem Aufzuge. (Wahre Geschichte.),
eckartshausen-der-pudelhund.xml,eckartshausen-der-pudelhund,Ein Lustspiel in einem Aufzuge,Lustspiel
scheerbart-der-vornehme-raeuberhauptmann.xml,scheerbart-der-vornehme-raeuberhauptmann,Ein Bühnenspass in drei Aufzügen,
goentgen-anna-bell.xml,goentgen-anna-bell,Ein Trauerspiel in einem Akt,Trauerspiel
eichendorff-der-letzte-held-von-marienburg.xml,eichendorff-der-letzte-held-von-marienburg,Trauerspiel,Trauerspiel
benedix-eigensinn.xml,benedix-eigensinn,Lustspiel in einem Aufzuge,Lustspiel
holz-ignorabimus.xml,holz-ignorabimus,Tragödie,Tragödie
arnim-jerusalem.xml,arnim-jerusalem,Ein Pilgerabenteuer,
schouwaert-die-ueberschwemmung.xml,schouwaert-die-ueberschwemmung,Ein Schauspiel in drey Akten,
zedlitz-cabinets-intriguen.xml,zedlitz-cabinets-intriguen,Lustspiel in drei Aufzügen,Lustspiel
goethe-erwin-und-elmire.xml,goethe-erwin-und-elmire,Ein Schauspiel mit Gesang,
hebbel-der-gehoernte-siegfried.xml,hebbel-der-gehoernte-siegfried,Vorspiel in einem Akt,
mylius-die-schaeferinsel.xml,mylius-die-schaeferinsel,Ein Lustspiel in drey Aufzügen,Lustspiel
platen-die-verhaengnisvolle-gabel.xml,platen-die-verhaengnisvolle-gabel,Ein Lustspiel in 5 Akten,Lustspiel
grillparzer-die-ahnfrau.xml,grillparzer-die-ahnfrau,Trauerspiel in fünf Aufzügen,Trauerspiel
benedix-die-hochzeitsreise.xml,benedix-die-hochzeitsreise,Lustspiel in zwei Aufzügen,Lustspiel
uhland-ernst-herzog-von-schwaben.xml,uhland-ernst-herzog-von-schwaben,Trauerspiel in fünf Aufzügen,Trauerspiel
bredow-goerne-hypatia.xml,bredow-goerne-hypatia,Ein Trauerspiel nach dem gleichnamigen Roman von Kingsley,Trauerspiel
sander-die-hoftrauer-oder-das-testament.xml,sander-die-hoftrauer-oder-das-testament,Ein Lustspiel in einem Aufzuge,Lustspiel
wagner-der-fliegende-hollaender.xml,wagner-der-fliegende-hollaender,,
niebergall-datterich.xml,niebergall-datterich,Localposse in der Mundart der Darmstädter in sechs Bildern,
pfeil-lucie-woodvil.xml,pfeil-lucie-woodvil,Ein bürgerliches Trauerspiel in fünf Handlungen,Trauerspiel
birch-pfeiffer-johannes-gutenberg.xml,birch-pfeiffer-johannes-gutenberg,Original-Schauspiel in drei Abtheilungen,
kotzebue-wer-weiss-wozu-das-gut-ist.xml,kotzebue-wer-weiss-wozu-das-gut-ist,Ein Schwank in Einem Akt,
droste-huelshoff-perdu.xml,droste-huelshoff-perdu,Lustspiel in einem Akte,Lustspiel
muellner-die-schuld.xml,muellner-die-schuld,Trauerspiel in vier Akten,Trauerspiel
sachs-das-kaelberbrueten.xml,sachs-das-kaelberbrueten,Ein Fastnachtsspiel,
hofmannsthal-oedipus-und-die-sphinx.xml,hofmannsthal-oedipus-und-die-sphinx,Tragödie in drei Aufzügen,Tragödie
rosenow-die-im-schatten-leben.xml,rosenow-die-im-schatten-leben,Drama in vier Akten,
herzenskron-hoang-puff.xml,herzenskron-hoang-puff,"Posse in einem Acte, nach dem Französischen der Herren Caignéz und Louis
          frey bearbeitet",
haffner-die-fledermaus.xml,haffner-die-fledermaus,Operette in drei Aufzügen,
wildenbruch-die-quitzows.xml,wildenbruch-die-quitzows,Schauspiel in vier Akten,
stavenhagen-mudder-mews.xml,stavenhagen-mudder-mews,Niederdeutsches Drama in 5 Akten,
ayrer-fassnachtspil-wie-einem-weib-jhr-eygener-mann.xml,ayrer-fassnachtspil-wie-einem-weib-jhr-eygener-mann,"Mit 14 Personen, vnd hat 5 Actus",
hauptmann-vor-sonnenaufgang.xml,hauptmann-vor-sonnenaufgang,Soziales Drama,
baeuerle-doktor-fausts-mantel.xml,baeuerle-doktor-fausts-mantel,Ein Zauberspiel mit Gesang in zwey Acten,
riese-martha.xml,riese-martha,Romantisch-Komische Oper in vier Aufzügen,
neuber-ein-deutsches-vorspiel.xml,neuber-ein-deutsches-vorspiel,,
sorge-der-sieg-des-christos.xml,sorge-der-sieg-des-christos,Eine Vision dargestellt in dramatischen Bildern,
scheerbart-der-schornsteinfeger.xml,scheerbart-der-schornsteinfeger,Constantinopolitanische Offizierstragödie,Tragödie
schnitzler-anatol.xml,schnitzler-anatol,,
martini-rhynsolt-und-sapphira.xml,martini-rhynsolt-und-sapphira,Ein prosaisches Trauerspiel in drey Handlungen,Trauerspiel
scheerbart-okurirasuna.xml,scheerbart-okurirasuna,Grosse Weltkomödie in fünf Akten,Komödie
guenderode-magie-und-schicksal.xml,guenderode-magie-und-schicksal,Drama in drei Akten,
widmann-der-widerspenstigen-zaehmung.xml,widmann-der-widerspenstigen-zaehmung,Komische Oper in vier Akten,
stramm-kraefte.xml,stramm-kraefte,,
klabund-der-kreidekreis.xml,klabund-der-kreidekreis,Spiel in fünf Akten nach dem Chinesischen,
holz-sozialaristokraten.xml,holz-sozialaristokraten,Komödie,Komödie
goethe-satyros.xml,goethe-satyros,Drama,
hofmannsthal-die-frau-ohne-schatten.xml,hofmannsthal-die-frau-ohne-schatten,Oper in drei Akten,
kotzebue-pagenstreiche.xml,kotzebue-pagenstreiche,Eine Posse in fünf Aufzügen,
kotzebue-der-hyperboreische-esel.xml,kotzebue-der-hyperboreische-esel,"Ein drastisches Drama und philosophisches Lustspiel für Jünglinge / In
          einem Aufzuge",Lustspiel
klopstock-der-tod-abels.xml,klopstock-der-tod-abels,Ein Trauerspiel,Trauerspiel
schnitzler-die-frau-mit-dem-dolche.xml,schnitzler-die-frau-mit-dem-dolche,Schauspiel in einem Akt,
hebbel-trauerspiel-in-sizilien.xml,hebbel-trauerspiel-in-sizilien,Tragikomödie in einem Akt,Tragikomödie
uhland-ludwig-der-bayer.xml,uhland-ludwig-der-bayer,Schauspiel in fünf Aufzügen,
klinger-prinz-seiden-wurm-der-reformator.xml,klinger-prinz-seiden-wurm-der-reformator,Ein moralisches Drama aus dem fünften Theil des Orpheus,
kotzebue-der-wirrwarr.xml,kotzebue-der-wirrwarr,Eine Posse in fünf Akten,
holtei-die-kalkbrenner.xml,holtei-die-kalkbrenner,Liederposse in einem Akt,
pfeffel-vorspiel-ueber-die-buergerliche-tragoedie.xml,pfeffel-vorspiel-ueber-die-buergerliche-tragoedie,,
ertler-belian-und-marpalye.xml,ertler-belian-und-marpalye,Ein Traumspiel,
klopstock-hermanns-schlacht.xml,klopstock-hermanns-schlacht,Ein Bardiet für die Schaubühne,
anonym-die-verhandelte-braut.xml,anonym-die-verhandelte-braut,Ein Lustspiel in einem Aufzuge,Lustspiel
rambach-die-kuhpocken.xml,rambach-die-kuhpocken,Ein Familiengemälde in einem Akt,
wedekind-musik.xml,wedekind-musik,Sittengemälde in vier Bildern,
reuter-graf-ehrenfried.xml,reuter-graf-ehrenfried,"in einem Lustspiele vorgestellet und mit Ihr: königl. Majestät in Polen
          etc. etc. und kurfürstl. Durchl. zu Sachsen etc. etc. allergnädigsten Spezial-Bewilligung
          und Freiheit zum Druck befördert",Lustspiel
kotzebue-ueble-laune.xml,kotzebue-ueble-laune,Ein Schauspiel in vier Akten,
wette-haensel-und-gretel.xml,wette-haensel-und-gretel,Märchenspiel in drei Bildern,
tieck-ritter-blaubart.xml,tieck-ritter-blaubart,Ein Ammenmärchen in vier Akten,
hofmannsthal-das-salzburger-grosse-welttheater.xml,hofmannsthal-das-salzburger-grosse-welttheater,,
bunge-der-trompeter-von-saekkingen.xml,bunge-der-trompeter-von-saekkingen,"Oper in 3 Akten, nebst einem Vorspiel",
grabbe-herzog-theodor-von-gothland.xml,grabbe-herzog-theodor-von-gothland,Eine Tragödie in fünf Akten,Tragödie
sonnleithner-fidelio.xml,sonnleithner-fidelio,Oper in zwei Aufzügen,
chezy-der-neue-narziss.xml,chezy-der-neue-narziss,Lustspiel in einem Aufzug,Lustspiel
birch-pfeiffer-in-der-heimath.xml,birch-pfeiffer-in-der-heimath,Original-Schauspiel in fünf Acten,
kleist-prinz-friedrich-von-homburg.xml,kleist-prinz-friedrich-von-homburg,Ein Schauspiel,
wedekind-franziska.xml,wedekind-franziska,Ein modernes Mysterium in fünf Akten,
chlumberg-wunder-um-verdun.xml,chlumberg-wunder-um-verdun,Dreizehn Bilder,
wedekind-der-kammersaenger.xml,wedekind-der-kammersaenger,,
bleibtreu-weltgericht.xml,bleibtreu-weltgericht,Tragödie in 2 Theilen und 5 Akten,Tragödie
herzl-der-fluechtling.xml,herzl-der-fluechtling,Lustspiel in einem Aufzug,Lustspiel
braun-mutter-maria.xml,braun-mutter-maria,Eine Tragödie in fünf Akten,Tragödie
gutzkow-das-urbild-des-tartueffe.xml,gutzkow-das-urbild-des-tartueffe,Lustspiel in fünf Aufzügen,Lustspiel
grillparzer-weh-dem-der-luegt.xml,grillparzer-weh-dem-der-luegt,Lustspiel in fünf Aufzügen,Lustspiel
reuter-l-honnete-femme-oder-die-ehrliche-frau-zu-plissine.xml,reuter-l-honnete-femme-oder-die-ehrliche-frau-zu-plissine,"in einem Lustspiele vorgestellet und aus dem Französischen übersetzet von
          Hilario",Lustspiel
engel-der-edelknabe.xml,engel-der-edelknabe,Ein Lustspiel für Kinder in einem Aufzuge,Lustspiel
lessing-der-schatz.xml,lessing-der-schatz,Ein Lustspiel in einem Aufzuge,Lustspiel
ludwig-der-erbfoerster.xml,ludwig-der-erbfoerster,Trauerspiel in fünf Aufzügen,Trauerspiel
sudermann-die-ehre.xml,sudermann-die-ehre,Schauspiel in vier Akten,
stramm-die-haidebraut.xml,stramm-die-haidebraut,,
schnitzler-der-tapfere-cassian.xml,schnitzler-der-tapfere-cassian,Puppenspiel in einem Akt,
wagner-tristan-und-isolde.xml,wagner-tristan-und-isolde,,
hippel-der-mann-nach-der-uhr.xml,hippel-der-mann-nach-der-uhr,Lustspiel in einem Aufzuge,Lustspiel
wieland-klementina-von-porretta.xml,wieland-klementina-von-porretta,Ein Drama aus Richardsons Geschichte Sir Karl Grandisons gezogen,
hauptmann-carl-frau-nadja-bielew.xml,hauptmann-carl-frau-nadja-bielew,Tragischer Akt,
eichendorff-das-incognito.xml,eichendorff-das-incognito,Ein Puppenspiel,
kotzebue-der-weibliche-jacobiner-clubb.xml,kotzebue-der-weibliche-jacobiner-clubb,Ein politisches Lustspiel in Einem Aufzug,Lustspiel
schrader-der-hohlweg.xml,schrader-der-hohlweg,Lustspiel in einem Akt,Lustspiel
wagner-die-walkuere.xml,wagner-die-walkuere,,
grillparzer-medea.xml,grillparzer-medea,Trauerspiel in fünf Aufzügen,Trauerspiel
heine-almansor.xml,heine-almansor,Eine Tragödie,Tragödie
ebner-eschenbach-bettelbriefe.xml,ebner-eschenbach-bettelbriefe,Ein Zweigespräch,
larronge-mein-leopold.xml,larronge-mein-leopold,Volksstück in 3 Akten,
brandes-ariadne-auf-naxos.xml,brandes-ariadne-auf-naxos,Ein Duodrama mit Musick,
nestroy-das-maedl-aus-der-vorstadt.xml,nestroy-das-maedl-aus-der-vorstadt,Posse in drei Aufzügen,
laube-monaldeschi.xml,laube-monaldeschi,Tragödie in fünf Akten,Tragödie
schiller-kabale-und-liebe.xml,schiller-kabale-und-liebe,Ein bürgerliches Trauerspiel in fünf Aufzügen,Trauerspiel
nestroy-einen-jux-will-er-sich-machen.xml,nestroy-einen-jux-will-er-sich-machen,Posse mit Gesang in vier Aufzügen,
adolph-am-ersten-mai.xml,adolph-am-ersten-mai,Eine Tragikomödie der Arbeit aus Friedenstagen,Tragikomödie
kupelwieser-fierrabras.xml,kupelwieser-fierrabras,Heroisch-romantische Oper in drei Akten,
lessing-damon.xml,lessing-damon,Ein Lustspiel in einem Aufzuge,Lustspiel
castelli-jeitteles-der-schicksalsstrumpf.xml,castelli-jeitteles-der-schicksalsstrumpf,Tragödie in zwei Akten,Tragödie
goethe-faust-in-urspruenglicher-gestalt.xml,goethe-faust-in-urspruenglicher-gestalt,,
leisewitz-die-pfandung.xml,leisewitz-die-pfandung,,
grabbe-scherz-satire-ironie-und-tiefere-bedeutung.xml,grabbe-scherz-satire-ironie-und-tiefere-bedeutung,Ein Lustspiel in drei Aufzügen,Lustspiel
ganghofer-der-herrgottschnitzer-von-ammergau.xml,ganghofer-der-herrgottschnitzer-von-ammergau,Volksschauspiel in 5 Aufzügen,
buechner-dantons-tod.xml,buechner-dantons-tod,Ein Drama,
goethe-der-buergergeneral.xml,goethe-der-buergergeneral,Ein Lustspiel in einem Aufzuge,Lustspiel
hebbel-maria-magdalene.xml,hebbel-maria-magdalene,Ein bürgerliches Trauerspiel in drei Akten,Trauerspiel
sternheim-der-snob.xml,sternheim-der-snob,Komödie in drei Aufzügen,Komödie
hebbel-der-rubin.xml,hebbel-der-rubin,Ein Märchen-Lustspiel in drei Akten,Lustspiel
schnitzler-komoedie-der-verfuehrung.xml,schnitzler-komoedie-der-verfuehrung,in drei Akten,
raupach-der-versiegelte-burgemeister.xml,raupach-der-versiegelte-burgemeister,Posse in zwei Aufzügen,
freytag-die-journalisten.xml,freytag-die-journalisten,Lustspiel in vier Akten,Lustspiel
reinick-genoveva.xml,reinick-genoveva,Oper in vier Akten,
bauernfeld-buergerlich-und-romantisch.xml,bauernfeld-buergerlich-und-romantisch,Lustspiel in vier Akten,Lustspiel
grohmann-gioconda-oder-weiberrache-kennt-keine-grenzen.xml,grohmann-gioconda-oder-weiberrache-kennt-keine-grenzen,Ein Originaltrauerspiel in drey Aufzügen,Trauerspiel
anonym-die-gespenster.xml,anonym-die-gespenster,Funfzehntes Sprüchwort,
wedekind-der-marquis-von-keith.xml,wedekind-der-marquis-von-keith,Schauspiel in fünf Aufzügen,
hebbel-judith.xml,hebbel-judith,Eine Tragödie in fünf Akten,Tragödie
roeber-koenig-manfred.xml,roeber-koenig-manfred,Oper in fünf Akten,
lortzing-der-waffenschmied.xml,lortzing-der-waffenschmied,Komische Oper in drei Aufzügen,
thoma-moral.xml,thoma-moral,Komödie in drei Akten,Komödie
anonym-das-ehrenmaal-des-patrioten.xml,anonym-das-ehrenmaal-des-patrioten,Singspiel,
boesenberg-die-amerikanische-waise.xml,boesenberg-die-amerikanische-waise,Ein Lustspiel in einem Aufzuge,Lustspiel
kaiser-die-schule-des-armen.xml,kaiser-die-schule-des-armen,Original-Charakterbild mit Gesang in vier Akten,
grillparzer-koenig-ottokars-glueck-und-ende.xml,grillparzer-koenig-ottokars-glueck-und-ende,Trauerspiel in fünf Aufzügen,Trauerspiel
gleim-philotas.xml,gleim-philotas,"Ein Trauerspiel. Von dem Verfasser der preussischen Kriegeslieder
          vercificirt",Trauerspiel
schnitzler-professor-bernhardi.xml,schnitzler-professor-bernhardi,Komödie in fünf Akten,Komödie
benedix-das-bemooste-haupt.xml,benedix-das-bemooste-haupt,Schauspiel in vier Aufzügen,
gutzkow-uriel-acosta.xml,gutzkow-uriel-acosta,Trauerspiel in fünf Aufzügen,Trauerspiel
klinger-die-zwillinge.xml,klinger-die-zwillinge,Ein Trauerspiel in fünf Aufzügen,Trauerspiel
gennep-homulus.xml,gennep-homulus,Geistliches Schauspiel,
hofmannsthal-das-bergwerk-zu-falun.xml,hofmannsthal-das-bergwerk-zu-falun,,
kotzebue-das-koestlichste.xml,kotzebue-das-koestlichste,Schauspiel in Einem Akt,
kotzebue-das-kind-der-liebe.xml,kotzebue-das-kind-der-liebe,Ein Schauspiel in fünf Akten,
angely-prinz-tu-ta-tu.xml,angely-prinz-tu-ta-tu,Burleske mit Gesang nach Sauvage,
quistorp-der-hypochondrist.xml,quistorp-der-hypochondrist,Ein deutsches Lustspiel,Lustspiel
nestroy-der-unbedeutende.xml,nestroy-der-unbedeutende,Posse mit Gesang in drei Akten,
dery-die-selige-insel.xml,dery-die-selige-insel,Dramatisches Idyll,
avenarius-faust.xml,avenarius-faust,Ein Spiel,
ludwig-die-makkabaeer.xml,ludwig-die-makkabaeer,Trauerspiel in fünf Akten,Trauerspiel
ayrer-comedia-von-zweyen-bruedern-auss-syracusa.xml,ayrer-comedia-von-zweyen-bruedern-auss-syracusa,"Mit 14 Personen, vnd hat 5 Actus",
raimund-das-maedchen-aus-der-feenwelt.xml,raimund-das-maedchen-aus-der-feenwelt,Romantisches Original-Zaubermärchen mit Gesang in drei Aufzügen,
raupach-der-platzregen-als-eheprokurator.xml,raupach-der-platzregen-als-eheprokurator,Eine dramatisirte Anekdote in zwei Aufzügen,
wagner-die-reue-nach-der-that.xml,wagner-die-reue-nach-der-that,Ein Schauspiel,
schnitzler-reigen.xml,schnitzler-reigen,,
stephanie-die-liebe-im-narrenhause.xml,stephanie-die-liebe-im-narrenhause,Eine komische Oper in zwey Aufzügen,
wagner-goetterdaemmerung.xml,wagner-goetterdaemmerung,,
anzengruber-der-meineidbauer.xml,anzengruber-der-meineidbauer,Volksstück mit Gesang in drei Akten,
babo-die-maler.xml,babo-die-maler,Ein Lustspiel,Lustspiel
wildenbruch-die-haubenlerche.xml,wildenbruch-die-haubenlerche,Schauspiel in vier Akten,
thoma-die-lokalbahn.xml,thoma-die-lokalbahn,Komödie in drei Akten,Komödie
gryphius-leo-armenius-oder-fuersten-mord.xml,gryphius-leo-armenius-oder-fuersten-mord,Trauer-spiel,
gemmingen-hornberg-der-deutsche-hausvater.xml,gemmingen-hornberg-der-deutsche-hausvater,Ein Schauspiel,
braun-von-braunthal-faust.xml,braun-von-braunthal-faust,Eine Tragödie,Tragödie
treitschke-das-bauerngut.xml,treitschke-das-bauerngut,"Ein Lustspiel in einem Aufzuge. Fortsetzung der beyden Billets, und des
          Stammbaumes",Lustspiel
anonym-die-gedruckten-theater-regeln.xml,anonym-die-gedruckten-theater-regeln,Ein höchst nöthiger Versuch in einem Aufzuge von ***,
grillparzer-sappho.xml,grillparzer-sappho,Trauerspiel in fünf Aufzügen,Trauerspiel
weidmann-der-selbstmord-oder-der-unglueckliche-lottospieler.xml,weidmann-der-selbstmord-oder-der-unglueckliche-lottospieler,Ein deutsches Originaldrama in Prosa von einem Aufzuge,
hofmannsthal-der-unbestechliche.xml,hofmannsthal-der-unbestechliche,Lustspiel in fünf Akten,Lustspiel
hallmann-mariamne.xml,hallmann-mariamne,Trauer-Spiel,
schnitzler-anatols-groessenwahn.xml,schnitzler-anatols-groessenwahn,,
prutz-die-politische-wochenstube.xml,prutz-die-politische-wochenstube,Eine Komödie,Komödie
buechner-woyzeck.xml,buechner-woyzeck,Ein Drama,
kotzebue-die-indianer-in-england.xml,kotzebue-die-indianer-in-england,Lustspiel in drei Aufzügen,Lustspiel
hofmannsthal-der-tod-des-tizian.xml,hofmannsthal-der-tod-des-tizian,Ein dramatisches Fragment,
goethe-goetz-von-berlichingen-mit-der-eisernen-hand.xml,goethe-goetz-von-berlichingen-mit-der-eisernen-hand,Ein Schauspiel,
ayrenhoff-virginia.xml,ayrenhoff-virginia,Trauerspiel in vier Aufzügen,Trauerspiel
pappenheim-frauenrecht.xml,pappenheim-frauenrecht,Schauspiel in drei Aufzügen,
scheerbart-herr-kammerdiener-kneetschke.xml,scheerbart-herr-kammerdiener-kneetschke,Eine Kammerdiener-Tragödie in fünf Aufzügen,Tragödie
grillparzer-libussa.xml,grillparzer-libussa,Trauerspiel in fünf Aufzügen,Trauerspiel
schildbach-glueck-durch-unglueck.xml,schildbach-glueck-durch-unglueck,Ein Lustspiel in einem Aufzuge,Lustspiel
kobell-der-roaga.xml,kobell-der-roaga,,
brentano-ponce-de-leon.xml,brentano-ponce-de-leon,Lustspiel in fünf Aufzügen,Lustspiel
collin-coriolan.xml,collin-coriolan,Ein Trauerspiel in fünf Aufzügen,Trauerspiel
grillparzer-die-argonauten.xml,grillparzer-die-argonauten,Trauerspiel in vier Aufzügen,Trauerspiel
tieck-leben-und-tod-der-heiligen-genoveva.xml,tieck-leben-und-tod-der-heiligen-genoveva,Ein Trauerspiel,Trauerspiel
birch-pfeiffer-die-grille.xml,birch-pfeiffer-die-grille,"Ländliches Charakterbild in fünf Aufzügen. Mit teilweiser Benutzung einer
          Erzählung der George Sand",
brandes-hans-von-zanow-oder-der-landjunker-in-berlin.xml,brandes-hans-von-zanow-oder-der-landjunker-in-berlin,Ein Lustspiel in fünf Aufzügen,Lustspiel
helldorff-der-zwischenact.xml,helldorff-der-zwischenact,Zwischenspiel in 1 Acte,
goethe-proserpina.xml,goethe-proserpina,Ein Monodrama,
schlegel-die-stumme-schoenheit.xml,schlegel-die-stumme-schoenheit,Ein Lustspiel in einem Aufzuge,Lustspiel
birch-pfeiffer-die-walpurgisnacht.xml,birch-pfeiffer-die-walpurgisnacht,Dramatisches Volksmärchen in vier Acten,
gellert-die-betschwester.xml,gellert-die-betschwester,Lustspiel,Lustspiel
laube-gottsched-und-gellert.xml,laube-gottsched-und-gellert,Charakterlustspiel in fünf Akten,Lustspiel
kaffka-der-transport.xml,kaffka-der-transport,Ein Lustspiel in einem Aufzuge,Lustspiel
ebner-eschenbach-das-waldfraeulein.xml,ebner-eschenbach-das-waldfraeulein,Lustspiel in drei Aufzügen,Lustspiel
bahr-das-phantom.xml,bahr-das-phantom,Komödie in drei Akten,Komödie
sessa-unser-verkehr.xml,sessa-unser-verkehr,Eine Posse in einem Akte,
muellner-koenig-yngurd.xml,muellner-koenig-yngurd,Trauerspiel in fünf Akten,Trauerspiel
horvath-geschichten-aus-dem-wiener-wald.xml,horvath-geschichten-aus-dem-wiener-wald,Volksstück in drei Teilen,
schnitzler-der-einsame-weg.xml,schnitzler-der-einsame-weg,Schauspiel in fünf Akten,
lieberkuehn-die-lissabonner.xml,lieberkuehn-die-lissabonner,"Ein bürgerliches Trauerspiel, in einem Aufzuge",Trauerspiel
raimund-die-gefesselte-phantasie.xml,raimund-die-gefesselte-phantasie,Original-Zauberspiel in zwei Aufzügen,
scheerbart-der-regierungswechsel.xml,scheerbart-der-regierungswechsel,Ein politisches Drama,
scheerbart-lachende-gespenster.xml,scheerbart-lachende-gespenster,Ein Schauspiel zwischen schwarzen Wänden in einem Aufzuge,
kotzebue-sultan-wampum.xml,kotzebue-sultan-wampum,Ein orientalisches Scherzspiel mit Gesang in drei Aufzügen,
collin-balboa.xml,collin-balboa,Ein Trauerspiel in fünf Aufzügen,Trauerspiel
hartleben-die-sittliche-forderung.xml,hartleben-die-sittliche-forderung,,
lenz-der-neue-menoza.xml,lenz-der-neue-menoza,Eine Komödie,Komödie
platen-berengar.xml,platen-berengar,Comödie in einem Akt,
wagner-die-meistersinger-von-nuernberg.xml,wagner-die-meistersinger-von-nuernberg,,
wedekind-die-buechse-der-pandora.xml,wedekind-die-buechse-der-pandora,Tragödie in drei Aufzügen mit einem Prolog,Tragödie
raimund-der-alpenkoenig-und-der-menschenfeind.xml,raimund-der-alpenkoenig-und-der-menschenfeind,Romantisch-komisches Original-Zauberspiel in zwei Aufzügen,
schnitzler-zum-grossen-wurstel.xml,schnitzler-zum-grossen-wurstel,Burleske in einem Akt,
panizza-das-liebeskonzil.xml,panizza-das-liebeskonzil,Eine Himmelstragödie in fünf Aufzügen,Tragödie
hauptmann-carl-die-armseligen-besenbinder.xml,hauptmann-carl-die-armseligen-besenbinder,Altes Märchen in fünf Akten,
anonym-der-deutsche-student.xml,anonym-der-deutsche-student,Ein Trauerspiel in fünf Aufzügen,Trauerspiel
bredow-goerne-der-lauf-der-welt.xml,bredow-goerne-der-lauf-der-welt,Original-Lustspiel in einem Act,Lustspiel
gotter-medea.xml,gotter-medea,,
birch-pfeiffer-vatersorgen.xml,birch-pfeiffer-vatersorgen,Komisches Zeitgemälde in drei Akten,
anonym-das-urtheil-des-paris.xml,anonym-das-urtheil-des-paris,Ein Musicalisches Schäfer-Spiel in einer Handlung,
mosenthal-die-koenigin-von-saba.xml,mosenthal-die-koenigin-von-saba,Oper in vier Aufzügen,
gryphius-catharina-von-georgien.xml,gryphius-catharina-von-georgien,Trauerspiel,Trauerspiel
gutzkow-zopf-und-schwert.xml,gutzkow-zopf-und-schwert,Lustspiel in fünf Aufzügen,Lustspiel
vanoni-der-friseur.xml,vanoni-der-friseur,Schwank in einem Akte,
houwald-die-freistatt.xml,houwald-die-freistatt,Ein tragisches Bild in einem Acte,
engel-der-diamant.xml,engel-der-diamant,"Ein Lustspiel in einem Aufzuge, nach dem Französischen des Collé",Lustspiel
herzl-das-neue-ghetto.xml,herzl-das-neue-ghetto,Schauspiel in 4 Acten,
scheerbart-der-herr-vom-jenseits.xml,scheerbart-der-herr-vom-jenseits,Eine Gartenkomödie,Komödie
meisl-der-lustige-fritz.xml,meisl-der-lustige-fritz,Ein Märchen neuerer Zeit in zwei Aufzügen,
anonym-das-lustlager.xml,anonym-das-lustlager,Schauspiel in einer Handlung,
klinger-das-leidende-weib.xml,klinger-das-leidende-weib,Ein Trauerspiel,Trauerspiel
kannengiesser-die-vierbeinigten-philosophen.xml,kannengiesser-die-vierbeinigten-philosophen,Ein Trauerspiel in einem Act,Trauerspiel
stramm-geschehen.xml,stramm-geschehen,,
tieck-der-gestiefelte-kater.xml,tieck-der-gestiefelte-kater,"Ein Kindermärchen in drei Akten, mit Zwischenspielen, einem Prologe und
          Epiloge",
raupach-agnes-von-hohenstaufen.xml,raupach-agnes-von-hohenstaufen,Große historisch-romantische Oper in 3 Aufzügen,
lenz-der-englaender.xml,lenz-der-englaender,Eine dramatische Phantasei,
musil-die-schwaermer.xml,musil-die-schwaermer,Schauspiel in drei Aufzügen,
panizza-nero.xml,panizza-nero,Tragödie in fünf Aufzügen,Tragödie
rilke-ohne-gegenwart.xml,rilke-ohne-gegenwart,Drama in zwei Akten,
hofmannsthal-elektra.xml,hofmannsthal-elektra,Tragödie in einem Aufzug frei nach Sophokles,Tragödie
immermann-die-bojaren.xml,immermann-die-bojaren,Schauspiel,
nestroy-der-boese-geist-lumpazivagabundus.xml,nestroy-der-boese-geist-lumpazivagabundus,Zauberposse mit Gesang in drei Aufzügen,
toerring-agnes-bernauerin.xml,toerring-agnes-bernauerin,Ein vaterländisches Trauerspiel,Trauerspiel
raimund-der-diamant-des-geisterkoenigs.xml,raimund-der-diamant-des-geisterkoenigs,Zauberspiel in zwei Aufzügen,
schlegel-jon.xml,schlegel-jon,Schauspiel in fünf Aufzügen,
schiller-die-piccolomini.xml,schiller-die-piccolomini,In fünf Aufzügen,
lachmann-salome.xml,lachmann-salome,Drama in einem Aufzuge,
fouque-sigurds-rache.xml,fouque-sigurds-rache,Ein Heldenspiel in sechs Abentheuren,
holz-sonnenfinsternis.xml,holz-sonnenfinsternis,Tragödie,Tragödie
stephanie-die-entfuehrung-aus-dem-serail.xml,stephanie-die-entfuehrung-aus-dem-serail,Ein Singspiel in drey Aufzügen,
freytag-der-gelehrte.xml,freytag-der-gelehrte,Trauerspiel in einem Act,Trauerspiel
weidmann-johann-faust.xml,weidmann-johann-faust,Ein Allegorisches Drama von fünf Aufzügen,
grabbe-don-juan-und-faust.xml,grabbe-don-juan-und-faust,Eine Tragödie in vier Akten,Tragödie
hauptmann-carl-tobias-buntschuh.xml,hauptmann-carl-tobias-buntschuh,Eine burleske Tragödie in fünf Akten,Tragödie
anonym-die-grands-von-frankreich-in-ihrer-wahren-gestalt.xml,anonym-die-grands-von-frankreich-in-ihrer-wahren-gestalt,Ein Banditenspiel in einem Act,
wedekind-erdgeist.xml,wedekind-erdgeist,Tragödie in vier Aufzügen,Tragödie
grillparzer-die-juedin-von-toledo.xml,grillparzer-die-juedin-von-toledo,Historisches Trauerspiel in fünf Aufzügen,Trauerspiel
scheerbart-die-lustigen-raeuber.xml,scheerbart-die-lustigen-raeuber,Ein Schauspiel in fünf Akten,
holtei-ein-trauerspiel-in-berlin.xml,holtei-ein-trauerspiel-in-berlin,Bürgerliches Drama in drei Akten,
achat-ein-april-scherz.xml,achat-ein-april-scherz,Original-Lustspiel in einem Akt,Lustspiel
lessing-die-juden.xml,lessing-die-juden,Ein Lustspiel in einem Aufzuge,Lustspiel
gryphius-horribilicribrifax-teutsch.xml,gryphius-horribilicribrifax-teutsch,Scherzspiel,
goethe-stella.xml,goethe-stella,Ein Schauspiel für Liebende,
horvath-kasimir-und-karoline.xml,horvath-kasimir-und-karoline,Volksstück,
kaiser-stadt-und-land.xml,kaiser-stadt-und-land,Posse mit Gesang in drei Aufzügen,
schiller-wilhelm-tell.xml,schiller-wilhelm-tell,Schauspiel,
d-elpons-der-ahnherr.xml,d-elpons-der-ahnherr,Schwank in Einem Aufzuge,
lessing-philotas.xml,lessing-philotas,Ein Trauerspiel,Trauerspiel
guenderode-udohla.xml,guenderode-udohla,Drama in zwei Akten,
heyse-colberg.xml,heyse-colberg,Historisches Schauspiel in fünf Akten,
klabund-xyz.xml,klabund-xyz,Spiel zu dreien in drei Akten,
wedekind-koenig-nicolo.xml,wedekind-koenig-nicolo,Schauspiel in drei Aufzügen und neun Bildern mit einem Prolog,
schiller-die-raeuber.xml,schiller-die-raeuber,Ein Schauspiel,
ebner-eschenbach-ihre-schwester.xml,ebner-eschenbach-ihre-schwester,,
schroeder-der-vetter-in-lissabon.xml,schroeder-der-vetter-in-lissabon,Ein bürgerliches Familiengemälde in drei Aufzügen,
widmann-maikaefer-komoedie.xml,widmann-maikaefer-komoedie,,
weissenthurn-das-manuscript.xml,weissenthurn-das-manuscript,Lustspiel in fünf Aufzügen,Lustspiel
bredow-goerne-gute-freunde.xml,bredow-goerne-gute-freunde,Dramatischer Scherz in 1 Akt,
moeller-sophie-oder-der-gerechte-fuerst.xml,moeller-sophie-oder-der-gerechte-fuerst,Ein Schauspiel in drey Aufzügen,
fouque-aslauga.xml,fouque-aslauga,Ein Heldenspiel in drei Abentheuren,
stephanie-der-schauspieldirektor.xml,stephanie-der-schauspieldirektor,Ein Gelegenheitsstück in einem Aufzuge,
immermann-das-gericht-von-st-petersburg.xml,immermann-das-gericht-von-st-petersburg,Tragödie,Tragödie
goethe-torquato-tasso.xml,goethe-torquato-tasso,Ein Schauspiel,
gryphius-verlibtes-gespenste-die-gelibte-dornrose.xml,gryphius-verlibtes-gespenste-die-gelibte-dornrose,Gesang-Spil / Schertz-Spil,
grabbe-hannibal.xml,grabbe-hannibal,,
moeller-der-graf-von-walltron-oder-die-subordination.xml,moeller-der-graf-von-walltron-oder-die-subordination,Ein Originaltrauerspiel in fünf Aufzügen,Trauerspiel
nestroy-zu-ebener-erde-und-erster-stock.xml,nestroy-zu-ebener-erde-und-erster-stock,Lokalposse mit Gesang in drei Aufzügen,
grillparzer-ein-bruderzwist-in-habsburg.xml,grillparzer-ein-bruderzwist-in-habsburg,Trauerspiel in fünf Aufzügen,Trauerspiel
koch-die-maennerfeindin.xml,koch-die-maennerfeindin,Schauspiel in einem Aufzuge,
anzengruber-die-kreuzelschreiber.xml,anzengruber-die-kreuzelschreiber,Bauernkomödie mit Gesang in drei Akten,Komödie
anonym-das-muenchner-spiel-vom-sterbenden-menschen.xml,anonym-das-muenchner-spiel-vom-sterbenden-menschen,,
hebbel-agnes-bernauer.xml,hebbel-agnes-bernauer,Ein deutsches Trauerspiel in fünf Aufzügen,Trauerspiel
lessing-emilia-galotti.xml,lessing-emilia-galotti,Ein Trauerspiel in fünf Aufzügen,Trauerspiel
eichendorff-die-freier.xml,eichendorff-die-freier,Lustspiel in drei Aufzügen,Lustspiel
koerner-die-braut.xml,koerner-die-braut,"Ein Lustspiel in Alexandrinern, in einem Aufzuge",Lustspiel
thoma-magdalena.xml,thoma-magdalena,Ein Volksstück in drei Aufzügen,
goethe-der-triumph-der-empfindsamkeit.xml,goethe-der-triumph-der-empfindsamkeit,Eine dramatische Grille,
nestroy-der-talisman.xml,nestroy-der-talisman,Posse mit Gesang in drei Aufzügen,
schnitzler-liebelei.xml,schnitzler-liebelei,Schauspiel in drei Akten,
scheerbart-der-wetterfuerst.xml,scheerbart-der-wetterfuerst,Ein Schauspiel zwischen hohen Bergen,
neuber-die-verehrung-der-vollkommenheit.xml,neuber-die-verehrung-der-vollkommenheit,,
kotzebue-die-beiden-klingsberg.xml,kotzebue-die-beiden-klingsberg,Ein Lustspiel in vier Akten,Lustspiel
sudermann-die-schmetterlingsschlacht.xml,sudermann-die-schmetterlingsschlacht,Komödie in vier Akten,Komödie
baeuerle-die-buerger-in-wien.xml,baeuerle-die-buerger-in-wien,Lokale Posse in drei Akten,
reil-der-erste-may.xml,reil-der-erste-may,"Ein Frühlingsgemählde nаch wahren Vorfällen entworfen, in einem
          Aufzuge",
kleist-das-kaethchen-von-heilbronn.xml,kleist-das-kaethchen-von-heilbronn,Ein großes historisches Ritterschauspiel,
iffland-das-erbtheil-des-vaters.xml,iffland-das-erbtheil-des-vaters,Ein Schauspiel in vier Aufzügen,
simrock-doctor-johannes-faust.xml,simrock-doctor-johannes-faust,Puppenspiel in vier Aufzügen,
schnitzler-komtesse-mizzi.xml,schnitzler-komtesse-mizzi,Komödie in einem Akt,Komödie
arnim-marino-caboga.xml,arnim-marino-caboga,Dramatische Erzählung in drei Handlungen,
gotter-der-dorfjahrmarkt.xml,gotter-der-dorfjahrmarkt,Eine komische Oper in zwei Aufzügen,
scheerbart-der-fanatische-buergermeister.xml,scheerbart-der-fanatische-buergermeister,Kosmisches Drama in vier Akten,
goethe-der-grosskophta.xml,goethe-der-grosskophta,Ein Lustspiel in fünf Aufzügen,Lustspiel
arnim-das-loch.xml,arnim-das-loch,Ein Schattenspiel,
raimund-moisasurs-zauberfluch.xml,raimund-moisasurs-zauberfluch,Original-Zauberspiel in zwei Aufzügen,
moeser-die-tugend-auf-der-schaubuehne.xml,moeser-die-tugend-auf-der-schaubuehne,Ein Nachspiel in einem Aufzuge,
kaltneker-das-bergwerk.xml,kaltneker-das-bergwerk,Ein Drama in drei Akten,
raupach-der-degen.xml,raupach-der-degen,Dramatischer Scherz in zwei Aufzügen,
gehe-jessonda.xml,gehe-jessonda,Oper in drei Aufzügen,
weisse-die-jagd.xml,weisse-die-jagd,Eine komische Oper in drey Aufzügen,
klinger-sturm-und-drang.xml,klinger-sturm-und-drang,Ein Schauspiel,
wohlbrueck-der-vampyr.xml,wohlbrueck-der-vampyr,Romantische Oper in vier Aufzügen,
hofmannsthal-der-tor-und-der-tod.xml,hofmannsthal-der-tor-und-der-tod,,
kotzebue-blind-geladen.xml,kotzebue-blind-geladen,Lustspiel in Einem Akt,Lustspiel
neuber-die-beschuetzte-schauspielkunst.xml,neuber-die-beschuetzte-schauspielkunst,,
hebbel-genoveva.xml,hebbel-genoveva,Eine Tragödie in fünf Akten,Tragödie
goethe-iphigenie-auf-tauris.xml,goethe-iphigenie-auf-tauris,Ein Schauspiel,
hauptmann-carl-ephraims-breite.xml,hauptmann-carl-ephraims-breite,Schauspiel in fünf Akten,
goethe-pandora.xml,goethe-pandora,Ein Festspiel,
gleich-der-eheteufel-auf-reisen.xml,gleich-der-eheteufel-auf-reisen,Lokales Zauberspiel mit Gesang in zwei Aufzügen,
bossdorf-de-rode-uennerrock.xml,bossdorf-de-rode-uennerrock,Nedderdüütsche Volkskomeedi in fief Akten,
schnitzler-literatur.xml,schnitzler-literatur,Lustspiel in einem Akt,Lustspiel
nestroy-eulenspiegel.xml,nestroy-eulenspiegel,Posse mit Gesang in vier Akten,
gengenbach-der-nollhart.xml,gengenbach-der-nollhart,Diß sind die prophetien sancti Methodii vnd Nollhardi [...],
hofmannsthal-ariadne-auf-naxos.xml,hofmannsthal-ariadne-auf-naxos,Oper in einem Aufzuge nebst einem Vorspiel / Neue Bearbeitung,
scheerbart-der-alte-petrus.xml,scheerbart-der-alte-petrus,Ein himmlisches Schauspiel,
stramm-sancta-susanna.xml,stramm-sancta-susanna,Ein Gesang der Mainacht,
dehmel-michel-michael.xml,dehmel-michel-michael,Komödie in fünf Akten,Komödie
schiller-wallensteins-tod.xml,schiller-wallensteins-tod,Ein Trauerspiel in fünf Aufzügen,Trauerspiel
wilbrandt-der-meister-von-palmyra.xml,wilbrandt-der-meister-von-palmyra,Dramatische Dichtung in fünf Aufzügen,
birch-pfeiffer-mutter-und-tochter.xml,birch-pfeiffer-mutter-und-tochter,Original-Schauspiel in vier Acten,
benedix-die-luegnerin.xml,benedix-die-luegnerin,Lustspiel in einem Aufzuge,Lustspiel
sudermann-heimat.xml,sudermann-heimat,Schauspiel in vier Akten,
engel-eid-und-pflicht.xml,engel-eid-und-pflicht,Ein bürgerliches Trauerspiel in fünf Aufzügen,Trauerspiel
bahr-das-konzert.xml,bahr-das-konzert,Lustspiel in drei Akten,Lustspiel
schoenherr-der-weibsteufel.xml,schoenherr-der-weibsteufel,Drama in fünf Akten,
lenz-die-soldaten.xml,lenz-die-soldaten,Ein Schauspiel,
laube-struensee.xml,laube-struensee,Tragödie in fünf Akten,Tragödie
schober-alfonso-und-estrella.xml,schober-alfonso-und-estrella,Romantische Oper in drei Akten,
goethe-faust-der-tragoedie-zweiter-teil.xml,goethe-faust-der-tragoedie-zweiter-teil,In fünf Akten,
sachs-eulenspiegel-mit-dem-blauen-hosentuch.xml,sachs-eulenspiegel-mit-dem-blauen-hosentuch,Ein Fastnachtsspiel,
kleist-die-familie-schroffenstein.xml,kleist-die-familie-schroffenstein,Ein Trauerspiel in fünf Aufzügen,Trauerspiel
voss-faust.xml,voss-faust,Trauerspiel mit Gesang und Tanz,Trauerspiel
kotzebue-das-unsichtbare-maedchen.xml,kotzebue-das-unsichtbare-maedchen,Ein Intermezzo,
kleist-die-hermannsschlacht.xml,kleist-die-hermannsschlacht,Ein Drama,
soden-doktor-faust.xml,soden-doktor-faust,Volks-Schauspiel in fünf Akten,
anonym-amalie-und-charlotte-baronessen-von-habenichts.xml,anonym-amalie-und-charlotte-baronessen-von-habenichts,Ein deutsches Lustspiel von einer Handlung,Lustspiel
muehsam-staatsraeson.xml,muehsam-staatsraeson,Ein Denkmal für Sacco und Vanzetti,
grillparzer-ein-treuer-diener-seines-herrn.xml,grillparzer-ein-treuer-diener-seines-herrn,Trauerspiel in fünf Aufzügen,Trauerspiel
vischer-faust.xml,vischer-faust,Der Tragödie dritter Teil,Tragödie
ebner-eschenbach-am-ende.xml,ebner-eschenbach-am-ende,Scene in einem Aufzug,
weisse-atreus-und-thyest.xml,weisse-atreus-und-thyest,Ein Trauerspiel in fünf Aufzügen,Trauerspiel
buechner-leonce-und-lena.xml,buechner-leonce-und-lena,Ein Lustspiel,Lustspiel
dohm-ein-schuss-ins-schwarze.xml,dohm-ein-schuss-ins-schwarze,Lustspiel in einem Akt,Lustspiel
toller-masse-mensch.xml,toller-masse-mensch,Ein Stück aus der sozialen Revolution des 20. Jahrhunderts,
bernard-faust.xml,bernard-faust,Große romantische Oper in drei Akten,
goethe-die-wette.xml,goethe-die-wette,Ein Lustspiel in einem Akt,Lustspiel
lortzing-der-wildschuetz.xml,lortzing-der-wildschuetz,Komische Oper in drei Aufzügen,
gotter-die-geisterinsel.xml,gotter-die-geisterinsel,Ein Singspiel in drey Akten,
babo-das-fraeulein-wohlerzogen.xml,babo-das-fraeulein-wohlerzogen,Ein Lustspiel in drei Aufzügen. Ein Sittengemälde aus München,Lustspiel
ayrer-tragedia-thesei.xml,ayrer-tragedia-thesei,"Mit 41 Personen, hat 8 Actus",
grohmann-der-physiognomist-oder-keine-regel-ohn-ausnahme.xml,grohmann-der-physiognomist-oder-keine-regel-ohn-ausnahme,Ein Lustspiel in einem Aufzug,Lustspiel
brachvogel-narziss.xml,brachvogel-narziss,Ein Trauerspiel in fünf Aufzügen,Trauerspiel
dohm-der-seelenretter.xml,dohm-der-seelenretter,Lustspiel in einem Act,Lustspiel
cronegk-codrus.xml,cronegk-codrus,Ein Trauerspiel in fünf Aufzügen,Trauerspiel
mosenthal-das-goldene-kreuz.xml,mosenthal-das-goldene-kreuz,Oper in zwei Aufzügen,
