filename,basename,stage_total,stage_within_speech,stage_outside_speech
achat-ein-april-scherz.xml,achat-ein-april-scherz,123,44,79
adolph-am-ersten-mai.xml,adolph-am-ersten-mai,156,60,96
alberti-brot.xml,alberti-brot,368,137,231
alberti-im-suff.xml,alberti-im-suff,239,121,118
alexander-die-verpfaendung.xml,alexander-die-verpfaendung,160,79,81
andre-cremeri-die-leiden-des-jungen-werthers.xml,andre-cremeri-die-leiden-des-jungen-werthers,180,95,85
andre-der-comoedienfeind.xml,andre-der-comoedienfeind,89,21,68
angely-prinz-tu-ta-tu.xml,angely-prinz-tu-ta-tu,191,55,136
anonym-amalie-und-charlotte-baronessen-von-habenichts.xml,anonym-amalie-und-charlotte-baronessen-von-habenichts,87,26,61
anonym-das-ehrenmaal-des-patrioten.xml,anonym-das-ehrenmaal-des-patrioten,7,0,7
anonym-das-lustlager.xml,anonym-das-lustlager,18,2,16
anonym-das-muenchner-spiel-vom-sterbenden-menschen.xml,anonym-das-muenchner-spiel-vom-sterbenden-menschen,137,0,137
anonym-das-urtheil-des-paris.xml,anonym-das-urtheil-des-paris,12,0,12
anonym-der-deutsche-student.xml,anonym-der-deutsche-student,56,12,44
anonym-der-von-der-liebe-betrogene-philosoph.xml,anonym-der-von-der-liebe-betrogene-philosoph,146,44,102
anonym-die-gedruckten-theater-regeln.xml,anonym-die-gedruckten-theater-regeln,44,21,23
anonym-die-gespenster.xml,anonym-die-gespenster,26,10,16
anonym-die-grands-von-frankreich-in-ihrer-wahren-gestalt.xml,anonym-die-grands-von-frankreich-in-ihrer-wahren-gestalt,53,1,52
anonym-die-verhandelte-braut.xml,anonym-die-verhandelte-braut,17,4,13
anonym-die-weiber-list.xml,anonym-die-weiber-list,49,5,44
anonym-emilie-oder-die-philosophisch-verliebten.xml,anonym-emilie-oder-die-philosophisch-verliebten,49,8,41
anzengruber-das-vierte-gebot.xml,anzengruber-das-vierte-gebot,545,154,391
anzengruber-der-gwissenswurm.xml,anzengruber-der-gwissenswurm,359,102,257
anzengruber-der-meineidbauer.xml,anzengruber-der-meineidbauer,421,116,305
anzengruber-der-pfarrer-von-kirchfeld.xml,anzengruber-der-pfarrer-von-kirchfeld,415,110,305
anzengruber-die-kreuzelschreiber.xml,anzengruber-die-kreuzelschreiber,550,128,422
anzengruber-heimgfunden.xml,anzengruber-heimgfunden,570,197,373
arnim-das-loch.xml,arnim-das-loch,56,14,42
arnim-halle.xml,arnim-halle,367,150,217
arnim-jerusalem.xml,arnim-jerusalem,188,48,140
arnim-marino-caboga.xml,arnim-marino-caboga,117,43,74
auenbrugger-der-rauchfangkehrer.xml,auenbrugger-der-rauchfangkehrer,542,160,382
auffenberg-der-loewe-von-kurdistan.xml,auffenberg-der-loewe-von-kurdistan,363,4,359
avenarius-faust.xml,avenarius-faust,428,24,404
ayrenhoff-der-postzug.xml,ayrenhoff-der-postzug,116,53,63
ayrenhoff-virginia.xml,ayrenhoff-virginia,132,0,132
ayrer-comedia-von-der-schoenen-sidea.xml,ayrer-comedia-von-der-schoenen-sidea,281,0,281
ayrer-comedia-von-zweyen-bruedern-auss-syracusa.xml,ayrer-comedia-von-zweyen-bruedern-auss-syracusa,259,0,259
ayrer-fassnachtspil-wie-einem-weib-jhr-eygener-mann.xml,ayrer-fassnachtspil-wie-einem-weib-jhr-eygener-mann,72,0,72
ayrer-tragedia-thesei.xml,ayrer-tragedia-thesei,431,0,431
babo-arno.xml,babo-arno,214,112,102
babo-das-fraeulein-wohlerzogen.xml,babo-das-fraeulein-wohlerzogen,90,43,47
babo-das-winterquartier-in-amerika.xml,babo-das-winterquartier-in-amerika,95,36,59
babo-die-maler.xml,babo-die-maler,101,51,50
baeuerle-die-buerger-in-wien.xml,baeuerle-die-buerger-in-wien,265,103,162
baeuerle-doktor-fausts-mantel.xml,baeuerle-doktor-fausts-mantel,414,136,278
baggesen-der-vollendete-faust.xml,baggesen-der-vollendete-faust,1056,14,1042
bahr-das-konzert.xml,bahr-das-konzert,1853,526,1327
bahr-das-phantom.xml,bahr-das-phantom,1579,474,1105
ball-die-nase-des-michelangelo.xml,ball-die-nase-des-michelangelo,140,0,140
barlach-der-blaue-boll.xml,barlach-der-blaue-boll,346,148,198
bauernfeld-buergerlich-und-romantisch.xml,bauernfeld-buergerlich-und-romantisch,310,113,197
bauernfeld-grossjaehrig.xml,bauernfeld-grossjaehrig,347,129,218
bauernfeld-industrie-und-herz.xml,bauernfeld-industrie-und-herz,309,129,180
beer-der-paria.xml,beer-der-paria,130,0,130
beer-struensee.xml,beer-struensee,447,0,447
benedix-das-bemooste-haupt.xml,benedix-das-bemooste-haupt,311,67,244
benedix-die-hochzeitsreise.xml,benedix-die-hochzeitsreise,299,82,217
benedix-die-luegnerin.xml,benedix-die-luegnerin,177,42,135
benedix-doctor-wespe.xml,benedix-doctor-wespe,470,140,330
benedix-eigensinn.xml,benedix-eigensinn,221,43,178
benedix-johanna-sebus.xml,benedix-johanna-sebus,102,41,61
benedix-unerschuetterlich.xml,benedix-unerschuetterlich,81,36,45
benkowitz-die-jubelfeier-der-hoelle.xml,benkowitz-die-jubelfeier-der-hoelle,360,189,171
berg-kalisch-berlin-wie-es-weint-und-lacht.xml,berg-kalisch-berlin-wie-es-weint-und-lacht,631,240,391
bernard-faust.xml,bernard-faust,414,1,413
beyer-der-hausherr-in-der-klemme.xml,beyer-der-hausherr-in-der-klemme,113,23,90
bierbaum-stella-und-antonie.xml,bierbaum-stella-und-antonie,554,230,324
birch-pfeiffer-die-grille.xml,birch-pfeiffer-die-grille,1103,337,766
birch-pfeiffer-die-walpurgisnacht.xml,birch-pfeiffer-die-walpurgisnacht,479,139,340
birch-pfeiffer-in-der-heimath.xml,birch-pfeiffer-in-der-heimath,948,274,674
birch-pfeiffer-johannes-gutenberg.xml,birch-pfeiffer-johannes-gutenberg,457,161,296
birch-pfeiffer-mutter-und-tochter.xml,birch-pfeiffer-mutter-und-tochter,888,239,649
birch-pfeiffer-pfeffer-roesel.xml,birch-pfeiffer-pfeffer-roesel,492,133,359
birch-pfeiffer-vatersorgen.xml,birch-pfeiffer-vatersorgen,795,232,563
bleibtreu-ein-faust-der-that.xml,bleibtreu-ein-faust-der-that,720,307,413
bleibtreu-weltgericht.xml,bleibtreu-weltgericht,933,279,654
blumenthal-im-weissen-roessl.xml,blumenthal-im-weissen-roessl,637,221,416
bodmer-odoardo-galotti-vater-der-emilia.xml,bodmer-odoardo-galotti-vater-der-emilia,20,0,20
bodmer-polytimet.xml,bodmer-polytimet,7,1,6
boesenberg-die-amerikanische-waise.xml,boesenberg-die-amerikanische-waise,141,75,66
boettger-das-kaffee-haus-zu-paris.xml,boettger-das-kaffee-haus-zu-paris,59,11,48
borchert-draussen-vor-der-tuer.xml,borchert-draussen-vor-der-tuer,135,34,101
borkenstein-der-bookesbeutel.xml,borkenstein-der-bookesbeutel,90,17,73
bossdorf-bahnmeister-dood.xml,bossdorf-bahnmeister-dood,499,114,385
bossdorf-de-rode-uennerrock.xml,bossdorf-de-rode-uennerrock,685,116,569
brachvogel-narziss.xml,brachvogel-narziss,653,208,445
brandes-ariadne-auf-naxos.xml,brandes-ariadne-auf-naxos,29,0,29
brandes-hans-von-zanow-oder-der-landjunker-in-berlin.xml,brandes-hans-von-zanow-oder-der-landjunker-in-berlin,392,154,238
brandes-ino.xml,brandes-ino,58,8,50
braun-mutter-maria.xml,braun-mutter-maria,264,1,263
braun-von-braunthal-das-nachtlager-von-granada.xml,braun-von-braunthal-das-nachtlager-von-granada,396,0,396
braun-von-braunthal-faust.xml,braun-von-braunthal-faust,415,0,415
brawe-brutus.xml,brawe-brutus,62,4,58
brawe-der-freygeist.xml,brawe-der-freygeist,117,41,76
bredow-goerne-der-lauf-der-welt.xml,bredow-goerne-der-lauf-der-welt,70,22,48
bredow-goerne-gute-freunde.xml,bredow-goerne-gute-freunde,117,28,89
bredow-goerne-hypatia.xml,bredow-goerne-hypatia,160,5,155
brentano-die-gruendung-prags.xml,brentano-die-gruendung-prags,649,0,649
brentano-ponce-de-leon.xml,brentano-ponce-de-leon,669,296,373
bretzner-belmont-und-constanze.xml,bretzner-belmont-und-constanze,155,25,130
buechner-dantons-tod.xml,buechner-dantons-tod,225,70,155
buechner-leonce-und-lena.xml,buechner-leonce-und-lena,134,45,89
buechner-woyzeck.xml,buechner-woyzeck,226,83,143
bueschel-die-neue-messaline.xml,bueschel-die-neue-messaline,28,6,22
bueschel-julus-und-rhea.xml,bueschel-julus-und-rhea,34,0,34
bunge-der-trompeter-von-saekkingen.xml,bunge-der-trompeter-von-saekkingen,9,0,9
busoni-doktor-faust.xml,busoni-doktor-faust,233,30,203
busoni-turandot.xml,busoni-turandot,134,30,104
castelli-jeitteles-der-schicksalsstrumpf.xml,castelli-jeitteles-der-schicksalsstrumpf,214,3,211
chezy-der-neue-narziss.xml,chezy-der-neue-narziss,52,8,44
chezy-euryanthe.xml,chezy-euryanthe,292,0,292
chlumberg-die-fuehrer.xml,chlumberg-die-fuehrer,742,227,515
chlumberg-wunder-um-verdun.xml,chlumberg-wunder-um-verdun,799,301,498
collin-balboa.xml,collin-balboa,245,2,243
collin-coriolan.xml,collin-coriolan,176,1,175
cornelius-der-barbier-von-bagdad.xml,cornelius-der-barbier-von-bagdad,177,0,177
costenoble-die-katze-laesst-das-mausen-nicht.xml,costenoble-die-katze-laesst-das-mausen-nicht,159,34,125
cronegk-codrus.xml,cronegk-codrus,161,33,128
cronegk-der-misstrauische.xml,cronegk-der-misstrauische,225,6,219
d-elpons-der-ahnherr.xml,d-elpons-der-ahnherr,69,9,60
dauthendey-die-spielereien-einer-kaiserin.xml,dauthendey-die-spielereien-einer-kaiserin,766,6,760
dehmel-die-menschenfreunde.xml,dehmel-die-menschenfreunde,347,200,147
dehmel-michel-michael.xml,dehmel-michel-michael,526,0,526
dery-die-selige-insel.xml,dery-die-selige-insel,32,0,32
devrient-die-gunst-des-augenblicks.xml,devrient-die-gunst-des-augenblicks,404,168,236
devrient-hans-heiling.xml,devrient-hans-heiling,608,45,563
dohm-der-seelenretter.xml,dohm-der-seelenretter,162,85,77
dohm-die-ritter-vom-goldenen-kalb.xml,dohm-die-ritter-vom-goldenen-kalb,180,86,94
dohm-ein-schuss-ins-schwarze.xml,dohm-ein-schuss-ins-schwarze,251,115,136
dohm-vom-stamm-der-asra.xml,dohm-vom-stamm-der-asra,228,84,144
dovsky-mona-lisa.xml,dovsky-mona-lisa,0,0,0
droste-huelshoff-perdu.xml,droste-huelshoff-perdu,608,232,376
ebner-eschenbach-am-ende.xml,ebner-eschenbach-am-ende,115,54,61
ebner-eschenbach-bettelbriefe.xml,ebner-eschenbach-bettelbriefe,77,28,49
ebner-eschenbach-das-waldfraeulein.xml,ebner-eschenbach-das-waldfraeulein,647,222,425
ebner-eschenbach-die-selbstsuechtigen.xml,ebner-eschenbach-die-selbstsuechtigen,284,109,175
ebner-eschenbach-die-veilchen.xml,ebner-eschenbach-die-veilchen,169,68,101
ebner-eschenbach-doctor-ritter.xml,ebner-eschenbach-doctor-ritter,57,6,51
ebner-eschenbach-es-wandelt-niemand-ungestraft-unter-palmen.xml,ebner-eschenbach-es-wandelt-niemand-ungestraft-unter-palmen,108,48,60
ebner-eschenbach-ihre-schwester.xml,ebner-eschenbach-ihre-schwester,72,23,49
ebner-eschenbach-maennertreue.xml,ebner-eschenbach-maennertreue,402,100,302
ebner-eschenbach-ohne-liebe.xml,ebner-eschenbach-ohne-liebe,230,83,147
eckardt-die-vergiftete-traube.xml,eckardt-die-vergiftete-traube,144,72,72
eckartshausen-der-pudelhund.xml,eckartshausen-der-pudelhund,49,13,36
eichendorff-das-incognito.xml,eichendorff-das-incognito,133,0,133
eichendorff-der-letzte-held-von-marienburg.xml,eichendorff-der-letzte-held-von-marienburg,462,5,457
eichendorff-die-freier.xml,eichendorff-die-freier,313,83,230
engel-der-diamant.xml,engel-der-diamant,80,24,56
engel-der-edelknabe.xml,engel-der-edelknabe,194,81,113
engel-eid-und-pflicht.xml,engel-eid-und-pflicht,499,215,284
engelke-wala.xml,engelke-wala,84,5,79
ernst-die-groesste-suende.xml,ernst-die-groesste-suende,610,232,378
ertler-anna-iwanowna.xml,ertler-anna-iwanowna,888,274,614
ertler-belian-und-marpalye.xml,ertler-belian-und-marpalye,405,98,307
ertler-das-spiel-von-doktor-faust.xml,ertler-das-spiel-von-doktor-faust,312,0,312
essig-der-frauenmut.xml,essig-der-frauenmut,700,202,498
essig-ueberteufel.xml,essig-ueberteufel,756,236,520
fock-cili-cohrs.xml,fock-cili-cohrs,91,29,62
fouque-aslauga.xml,fouque-aslauga,145,0,145
fouque-sigurd-der-schlangentoedter.xml,fouque-sigurd-der-schlangentoedter,264,0,264
fouque-sigurds-rache.xml,fouque-sigurds-rache,210,0,210
frank-sturm-im-wasserglas.xml,frank-sturm-im-wasserglas,601,140,461
frech-von-ehrimfeld-die-gefahr.xml,frech-von-ehrimfeld-die-gefahr,7,5,2
freisleben-der-weihnachtstag.xml,freisleben-der-weihnachtstag,61,6,55
freytag-der-gelehrte.xml,freytag-der-gelehrte,95,13,82
freytag-die-journalisten.xml,freytag-die-journalisten,637,200,437
freytag-graf-waldemar.xml,freytag-graf-waldemar,413,163,250
ganghofer-der-herrgottschnitzer-von-ammergau.xml,ganghofer-der-herrgottschnitzer-von-ammergau,361,115,246
gasser-ramirus.xml,gasser-ramirus,16,5,11
gehe-jessonda.xml,gehe-jessonda,30,0,30
gellert-die-betschwester.xml,gellert-die-betschwester,49,11,38
gellert-die-zaertlichen-schwestern.xml,gellert-die-zaertlichen-schwestern,129,37,92
gemmingen-hornberg-der-deutsche-hausvater.xml,gemmingen-hornberg-der-deutsche-hausvater,273,110,163
gengenbach-der-nollhart.xml,gengenbach-der-nollhart,12,0,12
gennep-homulus.xml,gennep-homulus,57,0,57
gerhaeuser-der-moloch.xml,gerhaeuser-der-moloch,305,0,305
gerstenberg-ugolino.xml,gerstenberg-ugolino,203,78,125
gessner-evander-und-alcimna.xml,gessner-evander-und-alcimna,55,17,38
gleich-der-eheteufel-auf-reisen.xml,gleich-der-eheteufel-auf-reisen,204,88,116
gleim-philotas.xml,gleim-philotas,8,1,7
goentgen-anna-bell.xml,goentgen-anna-bell,57,35,22
goering-seeschlacht.xml,goering-seeschlacht,68,0,68
goethe-clavigo.xml,goethe-clavigo,145,39,106
goethe-das-jahrmarktsfest-zu-plundersweilern.xml,goethe-das-jahrmarktsfest-zu-plundersweilern,35,0,35
goethe-der-buergergeneral.xml,goethe-der-buergergeneral,176,51,125
goethe-der-grosskophta.xml,goethe-der-grosskophta,329,85,244
goethe-der-triumph-der-empfindsamkeit.xml,goethe-der-triumph-der-empfindsamkeit,131,22,109
goethe-des-epimenides-erwachen.xml,goethe-des-epimenides-erwachen,105,0,105
goethe-die-laune-des-verliebten.xml,goethe-die-laune-des-verliebten,67,0,67
goethe-die-mitschuldigen.xml,goethe-die-mitschuldigen,197,0,197
goethe-die-natuerliche-tochter.xml,goethe-die-natuerliche-tochter,101,0,101
goethe-die-wette.xml,goethe-die-wette,24,5,19
goethe-egmont.xml,goethe-egmont,142,38,104
goethe-erwin-und-elmire.xml,goethe-erwin-und-elmire,44,10,34
goethe-faust-der-tragoedie-zweiter-teil.xml,goethe-faust-der-tragoedie-zweiter-teil,426,0,426
goethe-faust-eine-tragoedie.xml,goethe-faust-eine-tragoedie,272,0,272
goethe-faust-in-urspruenglicher-gestalt.xml,goethe-faust-in-urspruenglicher-gestalt,153,11,142
goethe-goetter-helden-und-wieland.xml,goethe-goetter-helden-und-wieland,8,0,8
goethe-goetz-von-berlichingen-mit-der-eisernen-hand.xml,goethe-goetz-von-berlichingen-mit-der-eisernen-hand,318,99,219
goethe-iphigenie-auf-tauris.xml,goethe-iphigenie-auf-tauris,36,0,36
goethe-pandora.xml,goethe-pandora,56,0,56
goethe-proserpina.xml,goethe-proserpina,2,0,2
goethe-satyros.xml,goethe-satyros,37,0,37
goethe-stella.xml,goethe-stella,161,65,96
goethe-torquato-tasso.xml,goethe-torquato-tasso,56,0,56
gotter-der-dorfjahrmarkt.xml,gotter-der-dorfjahrmarkt,317,105,212
gotter-die-erbschleicher.xml,gotter-die-erbschleicher,1090,255,835
gotter-die-geisterinsel.xml,gotter-die-geisterinsel,465,51,414
gotter-medea.xml,gotter-medea,44,28,16
gottsched-atalanta.xml,gottsched-atalanta,119,0,119
gottsched-der-sterbende-cato.xml,gottsched-der-sterbende-cato,110,0,110
gottschedin-das-testament.xml,gottschedin-das-testament,543,109,434
gottschedin-der-witzling.xml,gottschedin-der-witzling,124,33,91
gottschedin-die-pietisterey-im-fischbein-rocke.xml,gottschedin-die-pietisterey-im-fischbein-rocke,115,40,75
grabbe-die-hermannsschlacht.xml,grabbe-die-hermannsschlacht,298,83,215
grabbe-don-juan-und-faust.xml,grabbe-don-juan-und-faust,277,4,273
grabbe-hannibal.xml,grabbe-hannibal,348,56,292
grabbe-herzog-theodor-von-gothland.xml,grabbe-herzog-theodor-von-gothland,940,0,940
grabbe-kaiser-friedrich-barbarossa.xml,grabbe-kaiser-friedrich-barbarossa,365,0,365
grabbe-kaiser-heinrich-der-sechste.xml,grabbe-kaiser-heinrich-der-sechste,313,0,313
grabbe-napoleon.xml,grabbe-napoleon,507,32,475
grabbe-scherz-satire-ironie-und-tiefere-bedeutung.xml,grabbe-scherz-satire-ironie-und-tiefere-bedeutung,323,78,245
grillparzer-der-gastfreund.xml,grillparzer-der-gastfreund,79,0,79
grillparzer-der-traum-ein-leben.xml,grillparzer-der-traum-ein-leben,365,0,365
grillparzer-des-meeres-und-der-liebe-wellen.xml,grillparzer-des-meeres-und-der-liebe-wellen,362,0,362
grillparzer-die-ahnfrau.xml,grillparzer-die-ahnfrau,233,0,233
grillparzer-die-argonauten.xml,grillparzer-die-argonauten,406,0,406
grillparzer-die-juedin-von-toledo.xml,grillparzer-die-juedin-von-toledo,275,0,275
grillparzer-ein-bruderzwist-in-habsburg.xml,grillparzer-ein-bruderzwist-in-habsburg,490,0,490
grillparzer-ein-treuer-diener-seines-herrn.xml,grillparzer-ein-treuer-diener-seines-herrn,437,0,437
grillparzer-koenig-ottokars-glueck-und-ende.xml,grillparzer-koenig-ottokars-glueck-und-ende,542,0,542
grillparzer-libussa.xml,grillparzer-libussa,306,0,306
grillparzer-medea.xml,grillparzer-medea,239,0,239
grillparzer-sappho.xml,grillparzer-sappho,242,0,242
grillparzer-weh-dem-der-luegt.xml,grillparzer-weh-dem-der-luegt,401,0,401
grohmann-der-physiognomist-oder-keine-regel-ohn-ausnahme.xml,grohmann-der-physiognomist-oder-keine-regel-ohn-ausnahme,100,45,55
grohmann-gioconda-oder-weiberrache-kennt-keine-grenzen.xml,grohmann-gioconda-oder-weiberrache-kennt-keine-grenzen,160,56,104
grohmann-wohlthat-fuer-wohlthat.xml,grohmann-wohlthat-fuer-wohlthat,76,33,43
gronemann-hamans-flucht.xml,gronemann-hamans-flucht,116,22,94
gryphius-absurda-comica-oder-herr-peter-squentz.xml,gryphius-absurda-comica-oder-herr-peter-squentz,35,0,35
gryphius-cardenio-und-celinde.xml,gryphius-cardenio-und-celinde,32,0,32
gryphius-carolus-stuardus.xml,gryphius-carolus-stuardus,51,0,51
gryphius-catharina-von-georgien.xml,gryphius-catharina-von-georgien,48,0,48
gryphius-horribilicribrifax-teutsch.xml,gryphius-horribilicribrifax-teutsch,79,11,68
gryphius-leo-armenius-oder-fuersten-mord.xml,gryphius-leo-armenius-oder-fuersten-mord,37,0,37
gryphius-papinianus.xml,gryphius-papinianus,45,1,44
gryphius-verlibtes-gespenste-die-gelibte-dornrose.xml,gryphius-verlibtes-gespenste-die-gelibte-dornrose,136,1,135
guenderode-der-kanonenschlag.xml,guenderode-der-kanonenschlag,28,6,22
guenderode-magie-und-schicksal.xml,guenderode-magie-und-schicksal,84,0,84
guenderode-nikator.xml,guenderode-nikator,32,0,32
guenderode-udohla.xml,guenderode-udohla,41,0,41
gutzkow-das-urbild-des-tartueffe.xml,gutzkow-das-urbild-des-tartueffe,434,124,310
gutzkow-richard-savage.xml,gutzkow-richard-savage,324,135,189
gutzkow-uriel-acosta.xml,gutzkow-uriel-acosta,231,0,231
gutzkow-zopf-und-schwert.xml,gutzkow-zopf-und-schwert,574,201,373
haffner-die-fledermaus.xml,haffner-die-fledermaus,468,108,360
hafner-der-furchtsame.xml,hafner-der-furchtsame,369,153,216
hafner-die-reisenden-komoedianten.xml,hafner-die-reisenden-komoedianten,63,27,36
hafner-maegera-die-foerchterliche-hexe.xml,hafner-maegera-die-foerchterliche-hexe,379,120,259
hagemann-ludwig-der-springer.xml,hagemann-ludwig-der-springer,249,55,194
hallmann-mariamne.xml,hallmann-mariamne,53,0,53
halm-der-sohn-der-wildnis.xml,halm-der-sohn-der-wildnis,302,0,302
hartleben-die-sittliche-forderung.xml,hartleben-die-sittliche-forderung,174,51,123
hartleben-hanna-jagert.xml,hartleben-hanna-jagert,659,201,458
hartleben-rosenmontag.xml,hartleben-rosenmontag,859,153,706
hasenclever-der-sohn.xml,hasenclever-der-sohn,326,66,260
hauptmann-carl-der-antiquar.xml,hauptmann-carl-der-antiquar,218,0,218
hauptmann-carl-die-armseligen-besenbinder.xml,hauptmann-carl-die-armseligen-besenbinder,389,78,311
hauptmann-carl-ephraims-breite.xml,hauptmann-carl-ephraims-breite,876,284,592
hauptmann-carl-frau-nadja-bielew.xml,hauptmann-carl-frau-nadja-bielew,143,6,137
hauptmann-carl-gaukler-tod-und-juwelier.xml,hauptmann-carl-gaukler-tod-und-juwelier,399,92,307
hauptmann-carl-im-goldenen-tempel-buche-verzeichnet.xml,hauptmann-carl-im-goldenen-tempel-buche-verzeichnet,115,0,115
hauptmann-carl-musik.xml,hauptmann-carl-musik,341,115,226
hauptmann-carl-tobias-buntschuh.xml,hauptmann-carl-tobias-buntschuh,413,74,339
hauptmann-die-ratten.xml,hauptmann-die-ratten,468,168,300
hauptmann-florian-geyer.xml,hauptmann-florian-geyer,602,157,445
hauptmann-gabriel-schillings-flucht.xml,hauptmann-gabriel-schillings-flucht,341,70,271
hauptmann-vor-sonnenaufgang.xml,hauptmann-vor-sonnenaufgang,556,227,329
hebbel-agnes-bernauer.xml,hebbel-agnes-bernauer,432,195,237
hebbel-demetrius.xml,hebbel-demetrius,299,0,299
hebbel-der-diamant.xml,hebbel-der-diamant,330,164,166
hebbel-der-gehoernte-siegfried.xml,hebbel-der-gehoernte-siegfried,25,0,25
hebbel-der-rubin.xml,hebbel-der-rubin,258,0,258
hebbel-genoveva.xml,hebbel-genoveva,599,0,599
hebbel-gyges-und-sein-ring.xml,hebbel-gyges-und-sein-ring,113,0,113
hebbel-herodes-und-mariamne.xml,hebbel-herodes-und-mariamne,305,0,305
hebbel-judith.xml,hebbel-judith,293,113,180
hebbel-kriemhilds-rache.xml,hebbel-kriemhilds-rache,322,0,322
hebbel-maria-magdalene.xml,hebbel-maria-magdalene,208,114,94
hebbel-siegfrieds-tod.xml,hebbel-siegfrieds-tod,236,0,236
hebbel-trauerspiel-in-sizilien.xml,hebbel-trauerspiel-in-sizilien,87,0,87
heine-almansor.xml,heine-almansor,196,0,196
heine-william-ratcliff.xml,heine-william-ratcliff,172,2,170
heiseler-die-kinder-godunofs.xml,heiseler-die-kinder-godunofs,137,0,137
heiseler-peter-und-alexej.xml,heiseler-peter-und-alexej,269,2,267
helldorff-der-zwischenact.xml,helldorff-der-zwischenact,96,1,95
hensler-der-schornsteinfeger.xml,hensler-der-schornsteinfeger,452,237,215
hensler-die-teufelsmuehle-am-wienerberg.xml,hensler-die-teufelsmuehle-am-wienerberg,418,169,249
herzenskron-hoang-puff.xml,herzenskron-hoang-puff,138,57,81
herzl-das-neue-ghetto.xml,herzl-das-neue-ghetto,612,173,439
herzl-der-fluechtling.xml,herzl-der-fluechtling,201,86,115
heym-atalanta-oder-die-angst.xml,heym-atalanta-oder-die-angst,81,0,81
heyne-der-stammbaum.xml,heyne-der-stammbaum,186,102,84
heyne-die-beiden-billets.xml,heyne-die-beiden-billets,90,65,25
heyse-colberg.xml,heyse-colberg,418,1,417
heyse-don-juans-ende.xml,heyse-don-juans-ende,473,128,345
hillern-guten-abend.xml,hillern-guten-abend,83,42,41
hippel-der-mann-nach-der-uhr.xml,hippel-der-mann-nach-der-uhr,156,83,73
hofmannsthal-alkestis.xml,hofmannsthal-alkestis,104,0,104
hofmannsthal-arabella.xml,hofmannsthal-arabella,515,0,515
hofmannsthal-ariadne-auf-naxos.xml,hofmannsthal-ariadne-auf-naxos,268,20,248
hofmannsthal-das-bergwerk-zu-falun.xml,hofmannsthal-das-bergwerk-zu-falun,506,0,506
hofmannsthal-das-salzburger-grosse-welttheater.xml,hofmannsthal-das-salzburger-grosse-welttheater,340,0,340
hofmannsthal-der-abenteurer-und-die-saengerin.xml,hofmannsthal-der-abenteurer-und-die-saengerin,423,0,423
hofmannsthal-der-rosenkavalier.xml,hofmannsthal-der-rosenkavalier,715,0,715
hofmannsthal-der-schwierige.xml,hofmannsthal-der-schwierige,475,73,402
hofmannsthal-der-tod-des-tizian.xml,hofmannsthal-der-tod-des-tizian,51,0,51
hofmannsthal-der-tor-und-der-tod.xml,hofmannsthal-der-tor-und-der-tod,32,0,32
hofmannsthal-der-turm.xml,hofmannsthal-der-turm,864,182,682
hofmannsthal-der-unbestechliche.xml,hofmannsthal-der-unbestechliche,504,123,381
hofmannsthal-die-frau-im-fenster.xml,hofmannsthal-die-frau-im-fenster,84,1,83
hofmannsthal-die-frau-ohne-schatten.xml,hofmannsthal-die-frau-ohne-schatten,412,0,412
hofmannsthal-elektra.xml,hofmannsthal-elektra,153,0,153
hofmannsthal-jedermann.xml,hofmannsthal-jedermann,146,0,146
hofmannsthal-oedipus-und-die-sphinx.xml,hofmannsthal-oedipus-und-die-sphinx,365,0,365
holtei-die-kalkbrenner.xml,holtei-die-kalkbrenner,107,20,87
holtei-ein-trauerspiel-in-berlin.xml,holtei-ein-trauerspiel-in-berlin,430,130,300
holz-ignorabimus.xml,holz-ignorabimus,4785,919,3866
holz-jerschke-traumulus.xml,holz-jerschke-traumulus,529,241,288
holz-schlaf-die-familie-selicke.xml,holz-schlaf-die-familie-selicke,681,249,432
holz-sonnenfinsternis.xml,holz-sonnenfinsternis,2620,923,1697
holz-sozialaristokraten.xml,holz-sozialaristokraten,627,207,420
horvath-geschichten-aus-dem-wiener-wald.xml,horvath-geschichten-aus-dem-wiener-wald,720,163,557
horvath-kasimir-und-karoline.xml,horvath-kasimir-und-karoline,401,84,317
houwald-die-freistatt.xml,houwald-die-freistatt,52,2,50
huber-die-torte.xml,huber-die-torte,31,8,23
iffland-das-erbtheil-des-vaters.xml,iffland-das-erbtheil-des-vaters,506,169,337
iffland-der-spieler.xml,iffland-der-spieler,654,249,405
iffland-die-jaeger.xml,iffland-die-jaeger,455,171,284
iffland-figaro-in-deutschland.xml,iffland-figaro-in-deutschland,885,230,655
iffland-liebe-und-wille.xml,iffland-liebe-und-wille,34,6,28
iffland-verbrechen-aus-ehrsucht.xml,iffland-verbrechen-aus-ehrsucht,412,156,256
immermann-andreas-hofer.xml,immermann-andreas-hofer,246,24,222
immermann-das-gericht-von-st-petersburg.xml,immermann-das-gericht-von-st-petersburg,294,0,294
immermann-die-bojaren.xml,immermann-die-bojaren,308,0,308
immermann-eudoxia.xml,immermann-eudoxia,60,0,60
immermann-merlin.xml,immermann-merlin,201,0,201
kaffka-der-transport.xml,kaffka-der-transport,185,95,90
kafka-der-gruftwaechter.xml,kafka-der-gruftwaechter,42,9,33
kaiser-die-industrie-ausstellung.xml,kaiser-die-industrie-ausstellung,646,263,383
kaiser-die-koralle.xml,kaiser-die-koralle,444,106,338
kaiser-die-schule-des-armen.xml,kaiser-die-schule-des-armen,515,176,339
kaiser-stadt-und-land.xml,kaiser-stadt-und-land,545,175,370
kaltneker-das-bergwerk.xml,kaltneker-das-bergwerk,371,41,330
kaltneker-die-opferung.xml,kaltneker-die-opferung,386,50,336
kannengiesser-die-vierbeinigten-philosophen.xml,kannengiesser-die-vierbeinigten-philosophen,37,17,20
kind-der-freischuetz.xml,kind-der-freischuetz,304,80,224
klabund-der-kreidekreis.xml,klabund-der-kreidekreis,173,47,126
klabund-xyz.xml,klabund-xyz,283,97,186
kleist-amphitryon.xml,kleist-amphitryon,104,0,104
kleist-das-kaethchen-von-heilbronn.xml,kleist-das-kaethchen-von-heilbronn,522,25,497
kleist-der-zerbrochene-krug.xml,kleist-der-zerbrochene-krug,112,0,112
kleist-die-familie-schroffenstein.xml,kleist-die-familie-schroffenstein,320,0,320
kleist-die-hermannsschlacht.xml,kleist-die-hermannsschlacht,423,0,423
kleist-penthesilea.xml,kleist-penthesilea,337,0,337
kleist-prinz-friedrich-von-homburg.xml,kleist-prinz-friedrich-von-homburg,459,0,459
klemm-der-auf-den-parnass-versetzte-gruene-hut.xml,klemm-der-auf-den-parnass-versetzte-gruene-hut,65,16,49
klemm-der-besuch.xml,klemm-der-besuch,18,4,14
klingemann-faust.xml,klingemann-faust,945,0,945
klinger-das-leidende-weib.xml,klinger-das-leidende-weib,112,26,86
klinger-die-neue-arria.xml,klinger-die-neue-arria,217,78,139
klinger-die-zwillinge.xml,klinger-die-zwillinge,124,45,79
klinger-prinz-seiden-wurm-der-reformator.xml,klinger-prinz-seiden-wurm-der-reformator,152,38,114
klinger-simsone-grisaldo.xml,klinger-simsone-grisaldo,239,60,179
klinger-sturm-und-drang.xml,klinger-sturm-und-drang,251,87,164
klopstock-der-tod-abels.xml,klopstock-der-tod-abels,43,8,35
klopstock-der-tod-adams.xml,klopstock-der-tod-adams,59,13,46
klopstock-hermanns-schlacht.xml,klopstock-hermanns-schlacht,183,72,111
kobell-der-roaga.xml,kobell-der-roaga,73,26,47
koch-die-maennerfeindin.xml,koch-die-maennerfeindin,150,52,98
koerner-die-blumen.xml,koerner-die-blumen,7,1,6
koerner-die-braut.xml,koerner-die-braut,62,13,49
koerner-zriny.xml,koerner-zriny,157,0,157
koller-der-zauberstein.xml,koller-der-zauberstein,82,24,58
kotzebue-blind-geladen.xml,kotzebue-blind-geladen,95,27,68
kotzebue-das-kind-der-liebe.xml,kotzebue-das-kind-der-liebe,384,154,230
kotzebue-das-koestlichste.xml,kotzebue-das-koestlichste,31,0,31
kotzebue-das-posthaus-in-treuenbrietzen.xml,kotzebue-das-posthaus-in-treuenbrietzen,146,41,105
kotzebue-das-unsichtbare-maedchen.xml,kotzebue-das-unsichtbare-maedchen,17,4,13
kotzebue-der-arme-poet.xml,kotzebue-der-arme-poet,66,24,42
kotzebue-der-freimaurer.xml,kotzebue-der-freimaurer,31,4,27
kotzebue-der-hyperboreische-esel.xml,kotzebue-der-hyperboreische-esel,62,16,46
kotzebue-der-schutzgeist.xml,kotzebue-der-schutzgeist,235,6,229
kotzebue-der-verschwiegene-wider-willen.xml,kotzebue-der-verschwiegene-wider-willen,150,45,105
kotzebue-der-weibliche-jacobiner-clubb.xml,kotzebue-der-weibliche-jacobiner-clubb,76,27,49
kotzebue-der-wirrwarr.xml,kotzebue-der-wirrwarr,332,138,194
kotzebue-die-alten-liebschaften.xml,kotzebue-die-alten-liebschaften,55,7,48
kotzebue-die-beiden-klingsberg.xml,kotzebue-die-beiden-klingsberg,384,113,271
kotzebue-die-deutschen-kleinstaedter.xml,kotzebue-die-deutschen-kleinstaedter,283,63,220
kotzebue-die-indianer-in-england.xml,kotzebue-die-indianer-in-england,400,137,263
kotzebue-die-spanier-in-peru.xml,kotzebue-die-spanier-in-peru,385,113,272
kotzebue-graf-benjowsky.xml,kotzebue-graf-benjowsky,601,146,455
kotzebue-maedchenfreundschaft.xml,kotzebue-maedchenfreundschaft,96,29,67
kotzebue-menschenhass-und-reue.xml,kotzebue-menschenhass-und-reue,314,85,229
kotzebue-pagenstreiche.xml,kotzebue-pagenstreiche,434,181,253
kotzebue-sultan-wampum.xml,kotzebue-sultan-wampum,209,67,142
kotzebue-ueble-laune.xml,kotzebue-ueble-laune,391,100,291
kotzebue-wer-weiss-wozu-das-gut-ist.xml,kotzebue-wer-weiss-wozu-das-gut-ist,87,39,48
kraus-die-letzten-tage-der-menschheit.xml,kraus-die-letzten-tage-der-menschheit,2209,710,1499
kraus-traumstueck.xml,kraus-traumstueck,17,0,17
krueger-die-candidaten.xml,krueger-die-candidaten,219,66,153
krueger-die-geistlichen-auf-dem-lande.xml,krueger-die-geistlichen-auf-dem-lande,196,54,142
kupelwieser-fierrabras.xml,kupelwieser-fierrabras,261,1,260
kurz-prinzessin-pumphia.xml,kurz-prinzessin-pumphia,276,0,276
lachmann-salome.xml,lachmann-salome,101,30,71
laddey-maentelchen-nach-dem-winde.xml,laddey-maentelchen-nach-dem-winde,150,54,96
larronge-hasemanns-toechter.xml,larronge-hasemanns-toechter,581,183,398
larronge-mein-leopold.xml,larronge-mein-leopold,789,273,516
lasker-schueler-die-wupper.xml,lasker-schueler-die-wupper,695,120,575
lassalle-franz-von-sickingen.xml,lassalle-franz-von-sickingen,604,0,604
laube-die-karlsschueler.xml,laube-die-karlsschueler,700,278,422
laube-gottsched-und-gellert.xml,laube-gottsched-und-gellert,875,346,529
laube-monaldeschi.xml,laube-monaldeschi,513,127,386
laube-struensee.xml,laube-struensee,492,188,304
laufs-jacoby-pension-schoeller.xml,laufs-jacoby-pension-schoeller,508,157,351
lautensack-die-pfarrhauskomoedie.xml,lautensack-die-pfarrhauskomoedie,518,98,420
lautensack-hahnenkampf.xml,lautensack-hahnenkampf,467,107,360
lautensack-medusa.xml,lautensack-medusa,173,69,104
lawaetz-die-diamanten.xml,lawaetz-die-diamanten,327,152,175
leisewitz-der-besuch-um-mitternacht.xml,leisewitz-der-besuch-um-mitternacht,6,1,5
leisewitz-die-pfandung.xml,leisewitz-die-pfandung,5,0,5
leisewitz-julius-von-tarent.xml,leisewitz-julius-von-tarent,189,71,118
lenz-der-englaender.xml,lenz-der-englaender,131,49,82
lenz-der-hofmeister.xml,lenz-der-hofmeister,315,117,198
lenz-der-neue-menoza.xml,lenz-der-neue-menoza,298,117,181
lenz-die-freunde-machen-den-philosophen.xml,lenz-die-freunde-machen-den-philosophen,252,83,169
lenz-die-soldaten.xml,lenz-die-soldaten,420,123,297
lenz-pandaemonium-germanicum.xml,lenz-pandaemonium-germanicum,143,33,110
lessing-damon.xml,lessing-damon,7,0,7
lessing-der-freigeist.xml,lessing-der-freigeist,130,45,85
lessing-der-junge-gelehrte.xml,lessing-der-junge-gelehrte,136,55,81
lessing-der-misogyn.xml,lessing-der-misogyn,85,30,55
lessing-der-schatz.xml,lessing-der-schatz,66,27,39
lessing-die-alte-jungfer.xml,lessing-die-alte-jungfer,61,25,36
lessing-die-juden.xml,lessing-die-juden,84,40,44
lessing-emilia-galotti.xml,lessing-emilia-galotti,246,121,125
lessing-minna-von-barnhelm.xml,lessing-minna-von-barnhelm,317,145,172
lessing-miss-sara-sampson.xml,lessing-miss-sara-sampson,191,79,112
lessing-nathan-der-weise.xml,lessing-nathan-der-weise,172,0,172
lessing-philotas.xml,lessing-philotas,20,11,9
lieberkuehn-die-lissabonner.xml,lieberkuehn-die-lissabonner,34,11,23
lortzing-der-waffenschmied.xml,lortzing-der-waffenschmied,349,52,297
lortzing-der-wildschuetz.xml,lortzing-der-wildschuetz,449,60,389
lortzing-zar-und-zimmermann.xml,lortzing-zar-und-zimmermann,457,72,385
ludwig-der-erbfoerster.xml,ludwig-der-erbfoerster,633,231,402
ludwig-die-makkabaeer.xml,ludwig-die-makkabaeer,365,0,365
maler-mueller-fausts-leben-dramatisiert.xml,maler-mueller-fausts-leben-dramatisiert,218,63,155
maler-mueller-golo-und-genovefa.xml,maler-mueller-golo-und-genovefa,617,290,327
malss-der-alte-buerger-capitain.xml,malss-der-alte-buerger-capitain,169,78,91
malss-die-jungfern-koechinnen.xml,malss-die-jungfern-koechinnen,186,63,123
martini-rhynsolt-und-sapphira.xml,martini-rhynsolt-und-sapphira,85,28,57
may-babel-und-bibel.xml,may-babel-und-bibel,899,0,899
meisl-der-lustige-fritz.xml,meisl-der-lustige-fritz,155,56,99
meisl-orpheus-und-euridice.xml,meisl-orpheus-und-euridice,134,0,134
moeller-der-graf-von-walltron-oder-die-subordination.xml,moeller-der-graf-von-walltron-oder-die-subordination,281,96,185
moeller-sophie-oder-der-gerechte-fuerst.xml,moeller-sophie-oder-der-gerechte-fuerst,299,200,99
moeser-die-tugend-auf-der-schaubuehne.xml,moeser-die-tugend-auf-der-schaubuehne,46,1,45
moritz-blunt-oder-der-gast.xml,moritz-blunt-oder-der-gast,64,22,42
mosenthal-das-goldene-kreuz.xml,mosenthal-das-goldene-kreuz,200,27,173
mosenthal-die-koenigin-von-saba.xml,mosenthal-die-koenigin-von-saba,229,0,229
mosenthal-die-lustigen-weiber-von-windsor.xml,mosenthal-die-lustigen-weiber-von-windsor,451,54,397
moser-das-stiftungsfest.xml,moser-das-stiftungsfest,689,309,380
moser-krieg-oder-frieden.xml,moser-krieg-oder-frieden,177,79,98
muehsam-judas.xml,muehsam-judas,492,201,291
muehsam-staatsraeson.xml,muehsam-staatsraeson,250,54,196
muellner-der-neun-und-zwanzigste-februar.xml,muellner-der-neun-und-zwanzigste-februar,162,6,156
muellner-die-schuld.xml,muellner-die-schuld,422,0,422
muellner-koenig-yngurd.xml,muellner-koenig-yngurd,468,0,468
musil-die-schwaermer.xml,musil-die-schwaermer,601,218,383
mylius-die-schaeferinsel.xml,mylius-die-schaeferinsel,142,0,142
nestroy-das-haus-der-temperamente.xml,nestroy-das-haus-der-temperamente,1890,414,1476
nestroy-das-maedl-aus-der-vorstadt.xml,nestroy-das-maedl-aus-der-vorstadt,611,132,479
nestroy-der-boese-geist-lumpazivagabundus.xml,nestroy-der-boese-geist-lumpazivagabundus,418,109,309
nestroy-der-talisman.xml,nestroy-der-talisman,631,192,439
nestroy-der-unbedeutende.xml,nestroy-der-unbedeutende,705,205,500
nestroy-der-zerrissene.xml,nestroy-der-zerrissene,589,151,438
nestroy-einen-jux-will-er-sich-machen.xml,nestroy-einen-jux-will-er-sich-machen,789,177,612
nestroy-eulenspiegel.xml,nestroy-eulenspiegel,676,204,472
nestroy-freiheit-in-kraehwinkel.xml,nestroy-freiheit-in-kraehwinkel,436,109,327
nestroy-judith-und-holofernes.xml,nestroy-judith-und-holofernes,184,50,134
nestroy-zu-ebener-erde-und-erster-stock.xml,nestroy-zu-ebener-erde-und-erster-stock,821,228,593
neuber-das-schaeferfest.xml,neuber-das-schaeferfest,163,0,163
neuber-die-beschuetzte-schauspielkunst.xml,neuber-die-beschuetzte-schauspielkunst,28,0,28
neuber-die-verehrung-der-vollkommenheit.xml,neuber-die-verehrung-der-vollkommenheit,27,0,27
neuber-ein-deutsches-vorspiel.xml,neuber-ein-deutsches-vorspiel,33,0,33
niebergall-datterich.xml,niebergall-datterich,492,184,308
panizza-das-liebeskonzil.xml,panizza-das-liebeskonzil,516,145,371
panizza-nero.xml,panizza-nero,807,326,481
pappenheim-frauenrecht.xml,pappenheim-frauenrecht,98,29,69
pelzel-apolls-gericht-oder-das-bestrafte-vorurtheil-vindebonens.xml,pelzel-apolls-gericht-oder-das-bestrafte-vorurtheil-vindebonens,28,16,12
pfeffel-serena.xml,pfeffel-serena,42,26,16
pfeffel-vorspiel-ueber-die-buergerliche-tragoedie.xml,pfeffel-vorspiel-ueber-die-buergerliche-tragoedie,4,0,4
pfeil-lucie-woodvil.xml,pfeil-lucie-woodvil,141,54,87
platen-berengar.xml,platen-berengar,44,0,44
platen-der-romantische-oedipus.xml,platen-der-romantische-oedipus,83,0,83
platen-die-verhaengnisvolle-gabel.xml,platen-die-verhaengnisvolle-gabel,75,0,75
preusse-herzmutterchen.xml,preusse-herzmutterchen,310,121,189
prutz-die-politische-wochenstube.xml,prutz-die-politische-wochenstube,138,0,138
quistorp-der-hypochondrist.xml,quistorp-der-hypochondrist,382,115,267
rache-belsazar.xml,rache-belsazar,141,55,86
raimund-das-maedchen-aus-der-feenwelt.xml,raimund-das-maedchen-aus-der-feenwelt,423,129,294
raimund-der-alpenkoenig-und-der-menschenfeind.xml,raimund-der-alpenkoenig-und-der-menschenfeind,555,171,384
raimund-der-barometermacher-auf-der-zauberinsel.xml,raimund-der-barometermacher-auf-der-zauberinsel,310,106,204
raimund-der-diamant-des-geisterkoenigs.xml,raimund-der-diamant-des-geisterkoenigs,348,136,212
raimund-der-verschwender.xml,raimund-der-verschwender,573,138,435
raimund-die-gefesselte-phantasie.xml,raimund-die-gefesselte-phantasie,330,104,226
raimund-die-unheilbringende-zauberkrone.xml,raimund-die-unheilbringende-zauberkrone,541,129,412
raimund-moisasurs-zauberfluch.xml,raimund-moisasurs-zauberfluch,355,147,208
rambach-die-kuhpocken.xml,rambach-die-kuhpocken,116,54,62
raupach-agnes-von-hohenstaufen.xml,raupach-agnes-von-hohenstaufen,241,0,241
raupach-der-bettler.xml,raupach-der-bettler,151,58,93
raupach-der-degen.xml,raupach-der-degen,227,74,153
raupach-der-platzregen-als-eheprokurator.xml,raupach-der-platzregen-als-eheprokurator,131,60,71
raupach-der-versiegelte-burgemeister.xml,raupach-der-versiegelte-burgemeister,143,2,141
raupach-kritik-und-antikritik.xml,raupach-kritik-und-antikritik,244,64,180
reil-der-erste-may.xml,reil-der-erste-may,97,12,85
reinhardt-die-braut-des-echos.xml,reinhardt-die-braut-des-echos,109,16,93
reinick-genoveva.xml,reinick-genoveva,20,0,20
reuter-der-ehrlichen-frau-schlampampe-krankheit-und-tod.xml,reuter-der-ehrlichen-frau-schlampampe-krankheit-und-tod,126,59,67
reuter-graf-ehrenfried.xml,reuter-graf-ehrenfried,189,81,108
reuter-l-honnete-femme-oder-die-ehrliche-frau-zu-plissine.xml,reuter-l-honnete-femme-oder-die-ehrliche-frau-zu-plissine,109,53,56
richter-eumenides-duester.xml,richter-eumenides-duester,82,8,74
riese-martha.xml,riese-martha,223,0,223
rilke-ohne-gegenwart.xml,rilke-ohne-gegenwart,306,89,217
roeber-koenig-manfred.xml,roeber-koenig-manfred,7,0,7
rosenow-die-im-schatten-leben.xml,rosenow-die-im-schatten-leben,727,221,506
rosenow-kater-lampe.xml,rosenow-kater-lampe,576,158,418
rubiner-die-gewaltlosen.xml,rubiner-die-gewaltlosen,330,58,272
ruederer-die-fahnenweihe.xml,ruederer-die-fahnenweihe,918,170,748
sachs-das-kaelberbrueten.xml,sachs-das-kaelberbrueten,27,1,26
sachs-ein-comedi-von-dem-reichen-sterbenden-menschen-der-hecastus-genannt.xml,sachs-ein-comedi-von-dem-reichen-sterbenden-menschen-der-hecastus-genannt,340,0,340
sachs-eulenspiegel-mit-dem-blauen-hosentuch.xml,sachs-eulenspiegel-mit-dem-blauen-hosentuch,22,0,22
sander-die-hoftrauer-oder-das-testament.xml,sander-die-hoftrauer-oder-das-testament,82,44,38
schaefer-faustine-der-weibliche-faust.xml,schaefer-faustine-der-weibliche-faust,221,0,221
scheerbart-das-dumme-luder.xml,scheerbart-das-dumme-luder,9,1,8
scheerbart-das-gift.xml,scheerbart-das-gift,24,9,15
scheerbart-das-mirakel.xml,scheerbart-das-mirakel,10,1,9
scheerbart-der-alte-petrus.xml,scheerbart-der-alte-petrus,41,12,29
scheerbart-der-fanatische-buergermeister.xml,scheerbart-der-fanatische-buergermeister,96,30,66
scheerbart-der-herr-vom-jenseits.xml,scheerbart-der-herr-vom-jenseits,44,16,28
scheerbart-der-regierungswechsel.xml,scheerbart-der-regierungswechsel,46,10,36
scheerbart-der-schornsteinfeger.xml,scheerbart-der-schornsteinfeger,28,6,22
scheerbart-der-vornehme-raeuberhauptmann.xml,scheerbart-der-vornehme-raeuberhauptmann,37,14,23
scheerbart-der-wetterfuerst.xml,scheerbart-der-wetterfuerst,19,3,16
scheerbart-die-lustigen-raeuber.xml,scheerbart-die-lustigen-raeuber,68,20,48
scheerbart-die-puppe-und-die-dauerwurst.xml,scheerbart-die-puppe-und-die-dauerwurst,25,6,19
scheerbart-die-urgrossmutter.xml,scheerbart-die-urgrossmutter,10,1,9
scheerbart-die-welt-geht-unter.xml,scheerbart-die-welt-geht-unter,16,1,15
scheerbart-die-wurzeln-der-wohlhabenheit.xml,scheerbart-die-wurzeln-der-wohlhabenheit,66,18,48
scheerbart-es-lebe-europa.xml,scheerbart-es-lebe-europa,32,5,27
scheerbart-herr-kammerdiener-kneetschke.xml,scheerbart-herr-kammerdiener-kneetschke,84,9,75
scheerbart-lachende-gespenster.xml,scheerbart-lachende-gespenster,47,12,35
scheerbart-okurirasuna.xml,scheerbart-okurirasuna,138,29,109
scheerbart-ruebezahl.xml,scheerbart-ruebezahl,351,98,253
schikaneder-die-zauberfloete.xml,schikaneder-die-zauberfloete,335,76,259
schildbach-glueck-durch-unglueck.xml,schildbach-glueck-durch-unglueck,103,44,59
schiller-die-braut-von-messina.xml,schiller-die-braut-von-messina,184,0,184
schiller-die-jungfrau-von-orleans.xml,schiller-die-jungfrau-von-orleans,392,0,392
schiller-die-piccolomini.xml,schiller-die-piccolomini,284,1,283
schiller-die-raeuber.xml,schiller-die-raeuber,544,223,321
schiller-die-verschwoerung-des-fiesco-zu-genua.xml,schiller-die-verschwoerung-des-fiesco-zu-genua,919,373,546
schiller-don-carlos-infant-von-spanien.xml,schiller-don-carlos-infant-von-spanien,750,0,750
schiller-kabale-und-liebe.xml,schiller-kabale-und-liebe,684,233,451
schiller-maria-stuart.xml,schiller-maria-stuart,313,0,313
schiller-wallensteins-lager.xml,schiller-wallensteins-lager,75,0,75
schiller-wallensteins-tod.xml,schiller-wallensteins-tod,464,0,464
schiller-wilhelm-tell.xml,schiller-wilhelm-tell,412,0,412
schink-der-neue-doktor-faust.xml,schink-der-neue-doktor-faust,81,33,48
schink-hanswurst-von-salzburg-mit-dem-hoelzernen-gat.xml,schink-hanswurst-von-salzburg-mit-dem-hoelzernen-gat,117,0,117
schlaf-meister-oelze.xml,schlaf-meister-oelze,731,232,499
schlegel-alarcos.xml,schlegel-alarcos,42,0,42
schlegel-canut.xml,schlegel-canut,23,0,23
schlegel-der-geschaeftige-muessiggaenger.xml,schlegel-der-geschaeftige-muessiggaenger,44,0,44
schlegel-der-triumph-der-guten-frauen.xml,schlegel-der-triumph-der-guten-frauen,86,15,71
schlegel-die-entfuehrte-dose.xml,schlegel-die-entfuehrte-dose,4,0,4
schlegel-die-stumme-schoenheit.xml,schlegel-die-stumme-schoenheit,44,0,44
schlegel-dueval-und-charmille.xml,schlegel-dueval-und-charmille,308,119,189
schlegel-jon.xml,schlegel-jon,44,0,44
schlosser-die-maskerade.xml,schlosser-die-maskerade,84,20,64
schnitzer-der-zigeunerbaron.xml,schnitzer-der-zigeunerbaron,152,0,152
schnitzler-anatol.xml,schnitzler-anatol,348,130,218
schnitzler-anatols-groessenwahn.xml,schnitzler-anatols-groessenwahn,38,12,26
schnitzler-das-weite-land.xml,schnitzler-das-weite-land,583,174,409
schnitzler-der-einsame-weg.xml,schnitzler-der-einsame-weg,322,124,198
schnitzler-der-gruene-kakadu.xml,schnitzler-der-gruene-kakadu,233,72,161
schnitzler-der-puppenspieler.xml,schnitzler-der-puppenspieler,85,28,57
schnitzler-der-tapfere-cassian.xml,schnitzler-der-tapfere-cassian,60,21,39
schnitzler-die-frau-mit-dem-dolche.xml,schnitzler-die-frau-mit-dem-dolche,83,18,65
schnitzler-die-letzten-masken.xml,schnitzler-die-letzten-masken,110,44,66
schnitzler-komoedie-der-verfuehrung.xml,schnitzler-komoedie-der-verfuehrung,848,128,720
schnitzler-komtesse-mizzi.xml,schnitzler-komtesse-mizzi,143,39,104
schnitzler-lebendige-stunden.xml,schnitzler-lebendige-stunden,69,31,38
schnitzler-liebelei.xml,schnitzler-liebelei,450,154,296
schnitzler-literatur.xml,schnitzler-literatur,76,36,40
schnitzler-professor-bernhardi.xml,schnitzler-professor-bernhardi,520,115,405
schnitzler-reigen.xml,schnitzler-reigen,309,88,221
schnitzler-zum-grossen-wurstel.xml,schnitzler-zum-grossen-wurstel,135,8,127
schober-alfonso-und-estrella.xml,schober-alfonso-und-estrella,146,0,146
schoenherr-der-weibsteufel.xml,schoenherr-der-weibsteufel,964,485,479
schoenthan-der-raub-der-sabinerinnen.xml,schoenthan-der-raub-der-sabinerinnen,821,306,515
schouwaert-die-ueberschwemmung.xml,schouwaert-die-ueberschwemmung,209,160,49
schrader-der-hohlweg.xml,schrader-der-hohlweg,113,54,59
schroeder-der-vetter-in-lissabon.xml,schroeder-der-vetter-in-lissabon,288,104,184
schuetz-die-katze-laesst-das-mausen-nicht.xml,schuetz-die-katze-laesst-das-mausen-nicht,66,21,45
seemann-dulk-die-waende.xml,seemann-dulk-die-waende,80,0,80
sessa-unser-verkehr.xml,sessa-unser-verkehr,232,74,158
seume-miltiades.xml,seume-miltiades,76,2,74
sievers-die-schatzgraeber.xml,sievers-die-schatzgraeber,112,52,60
simrock-doctor-johannes-faust.xml,simrock-doctor-johannes-faust,156,31,125
soden-doktor-faust.xml,soden-doktor-faust,275,114,161
solbrig-die-dorfschule.xml,solbrig-die-dorfschule,92,28,64
sonnleithner-dir-wie-mir.xml,sonnleithner-dir-wie-mir,124,30,94
sonnleithner-fidelio.xml,sonnleithner-fidelio,305,57,248
sorge-der-bettler.xml,sorge-der-bettler,446,95,351
sorge-der-sieg-des-christos.xml,sorge-der-sieg-des-christos,321,0,321
sorge-odysseus.xml,sorge-odysseus,193,5,188
spiess-klara-von-hoheneichen.xml,spiess-klara-von-hoheneichen,370,166,204
stavenhagen-mudder-mews.xml,stavenhagen-mudder-mews,710,260,450
steltzer-franziska-montenegro.xml,steltzer-franziska-montenegro,221,83,138
stephanie-der-schauspieldirektor.xml,stephanie-der-schauspieldirektor,129,41,88
stephanie-die-entfuehrung-aus-dem-serail.xml,stephanie-die-entfuehrung-aus-dem-serail,187,42,145
stephanie-die-liebe-im-narrenhause.xml,stephanie-die-liebe-im-narrenhause,402,53,349
stephanie-doktor-und-apotheker.xml,stephanie-doktor-und-apotheker,717,93,624
sternheim-der-snob.xml,sternheim-der-snob,219,1,218
stramm-die-haidebraut.xml,stramm-die-haidebraut,202,13,189
stramm-erwachen.xml,stramm-erwachen,392,53,339
stramm-geschehen.xml,stramm-geschehen,623,60,563
stramm-kraefte.xml,stramm-kraefte,569,127,442
stramm-rudimentaer.xml,stramm-rudimentaer,310,96,214
stramm-sancta-susanna.xml,stramm-sancta-susanna,148,9,139
sturz-julie.xml,sturz-julie,140,29,111
sudermann-der-bettler-von-syrakus.xml,sudermann-der-bettler-von-syrakus,564,0,564
sudermann-die-ehre.xml,sudermann-die-ehre,715,177,538
sudermann-die-schmetterlingsschlacht.xml,sudermann-die-schmetterlingsschlacht,567,179,388
sudermann-heimat.xml,sudermann-heimat,555,180,375
sudermann-stein-unter-steinen.xml,sudermann-stein-unter-steinen,741,216,525
thoma-die-lokalbahn.xml,thoma-die-lokalbahn,389,117,272
thoma-die-medaille.xml,thoma-die-medaille,123,37,86
thoma-erster-klasse.xml,thoma-erster-klasse,356,182,174
thoma-lottchens-geburtstag.xml,thoma-lottchens-geburtstag,252,59,193
thoma-magdalena.xml,thoma-magdalena,570,162,408
thoma-moral.xml,thoma-moral,452,165,287
tieck-der-abschied.xml,tieck-der-abschied,139,74,65
tieck-der-gestiefelte-kater.xml,tieck-der-gestiefelte-kater,265,94,171
tieck-die-theegesellschaft.xml,tieck-die-theegesellschaft,111,43,68
tieck-die-verkehrte-welt.xml,tieck-die-verkehrte-welt,260,49,211
tieck-karl-von-berneck.xml,tieck-karl-von-berneck,244,113,131
tieck-leben-und-tod-der-heiligen-genoveva.xml,tieck-leben-und-tod-der-heiligen-genoveva,344,16,328
tieck-prinz-zerbino.xml,tieck-prinz-zerbino,457,122,335
tieck-ritter-blaubart.xml,tieck-ritter-blaubart,189,101,88
toerring-agnes-bernauerin.xml,toerring-agnes-bernauerin,216,71,145
toller-masse-mensch.xml,toller-masse-mensch,105,0,105
treitschke-das-bauerngut.xml,treitschke-das-bauerngut,133,59,74
uhland-ernst-herzog-von-schwaben.xml,uhland-ernst-herzog-von-schwaben,62,0,62
uhland-ludwig-der-bayer.xml,uhland-ludwig-der-bayer,147,1,146
vanoni-der-friseur.xml,vanoni-der-friseur,212,109,103
vischer-faust.xml,vischer-faust,432,6,426
voss-faust.xml,voss-faust,506,3,503
wagner-das-rheingold.xml,wagner-das-rheingold,261,0,261
wagner-der-fliegende-hollaender.xml,wagner-der-fliegende-hollaender,152,0,152
wagner-die-kindermoerderin.xml,wagner-die-kindermoerderin,326,150,176
wagner-die-meistersinger-von-nuernberg.xml,wagner-die-meistersinger-von-nuernberg,509,0,509
wagner-die-reue-nach-der-that.xml,wagner-die-reue-nach-der-that,317,181,136
wagner-die-walkuere.xml,wagner-die-walkuere,266,0,266
wagner-goetterdaemmerung.xml,wagner-goetterdaemmerung,306,0,306
wagner-lohengrin.xml,wagner-lohengrin,286,0,286
wagner-parsifal.xml,wagner-parsifal,221,0,221
wagner-siegfried.xml,wagner-siegfried,321,0,321
wagner-tannhaeuser.xml,wagner-tannhaeuser,134,0,134
wagner-tristan-und-isolde.xml,wagner-tristan-und-isolde,220,0,220
wagner-voltaire-am-abend-seiner-apotheose.xml,wagner-voltaire-am-abend-seiner-apotheose,68,45,23
waldvogl-die-falschen-banknoten.xml,waldvogl-die-falschen-banknoten,359,159,200
wallenrodt-noch-jemands-ankunft-auf-st-helena.xml,wallenrodt-noch-jemands-ankunft-auf-st-helena,46,1,45
wedekind-der-kammersaenger.xml,wedekind-der-kammersaenger,177,60,117
wedekind-der-marquis-von-keith.xml,wedekind-der-marquis-von-keith,424,86,338
wedekind-die-buechse-der-pandora.xml,wedekind-die-buechse-der-pandora,338,71,267
wedekind-die-zensur.xml,wedekind-die-zensur,121,40,81
wedekind-erdgeist.xml,wedekind-erdgeist,720,145,575
wedekind-franziska.xml,wedekind-franziska,296,64,232
wedekind-fritz-schwigerling.xml,wedekind-fritz-schwigerling,522,171,351
wedekind-fruehlings-erwachen.xml,wedekind-fruehlings-erwachen,102,15,87
wedekind-hidalla.xml,wedekind-hidalla,313,110,203
wedekind-koenig-nicolo.xml,wedekind-koenig-nicolo,313,82,231
wedekind-musik.xml,wedekind-musik,234,78,156
wedekind-tod-und-teufel.xml,wedekind-tod-und-teufel,84,18,66
weidmann-der-dorfbarbier.xml,weidmann-der-dorfbarbier,163,44,119
weidmann-der-selbstmord-oder-der-unglueckliche-lottospieler.xml,weidmann-der-selbstmord-oder-der-unglueckliche-lottospieler,41,7,34
weidmann-johann-faust.xml,weidmann-johann-faust,99,25,74
weise-masaniello.xml,weise-masaniello,287,4,283
weisse-atreus-und-thyest.xml,weisse-atreus-und-thyest,133,0,133
weisse-die-jagd.xml,weisse-die-jagd,317,117,200
weissenthurn-das-manuscript.xml,weissenthurn-das-manuscript,675,207,468
weissenthurn-die-schwestern-st-janvier.xml,weissenthurn-die-schwestern-st-janvier,348,0,348
weissenthurn-johann-herzog-von-finnland.xml,weissenthurn-johann-herzog-von-finnland,577,196,381
weissenthurn-welche-ist-die-braut.xml,weissenthurn-welche-ist-die-braut,377,120,257
weissenthurn-welcher-ist-der-braeutigam.xml,weissenthurn-welcher-ist-der-braeutigam,341,93,248
werner-der-vierundzwanzigste-februar.xml,werner-der-vierundzwanzigste-februar,135,7,128
wette-haensel-und-gretel.xml,wette-haensel-und-gretel,223,0,223
wezel-der-graf-von-wickham.xml,wezel-der-graf-von-wickham,533,213,320
widmann-der-widerspenstigen-zaehmung.xml,widmann-der-widerspenstigen-zaehmung,136,0,136
widmann-maikaefer-komoedie.xml,widmann-maikaefer-komoedie,324,2,322
wieland-alceste.xml,wieland-alceste,52,0,52
wieland-klementina-von-porretta.xml,wieland-klementina-von-porretta,172,6,166
wieland-lady-johanna-gray.xml,wieland-lady-johanna-gray,56,0,56
wilbrandt-der-meister-von-palmyra.xml,wilbrandt-der-meister-von-palmyra,703,46,657
wilbrandt-gracchus-der-volkstribun.xml,wilbrandt-gracchus-der-volkstribun,560,229,331
wildenbruch-die-haubenlerche.xml,wildenbruch-die-haubenlerche,839,278,561
wildenbruch-die-karolinger.xml,wildenbruch-die-karolinger,355,0,355
wildenbruch-die-quitzows.xml,wildenbruch-die-quitzows,762,93,669
wildgans-armut.xml,wildgans-armut,687,98,589
wildgans-dies-irae.xml,wildgans-dies-irae,898,175,723
wildgans-in-ewigkeit-amen.xml,wildgans-in-ewigkeit-amen,355,70,285
wohlbrueck-der-vampyr.xml,wohlbrueck-der-vampyr,677,35,642
wolf-cyankali.xml,wolf-cyankali,549,160,389
wolf-professor-mamlock.xml,wolf-professor-mamlock,575,146,429
wolfram-faust.xml,wolfram-faust,172,2,170
zedlitz-cabinets-intriguen.xml,zedlitz-cabinets-intriguen,86,28,58
zedlitz-herr-und-sklave.xml,zedlitz-herr-und-sklave,40,2,38
zedlitz-liebe-findet-ihre-wege.xml,zedlitz-liebe-findet-ihre-wege,214,11,203
zschokke-abellino.xml,zschokke-abellino,491,0,491
