filename,author,title,year,stage_count,stage_word_count,stage_avg_words,word_count_l_p,stage_per_1k_words,stage_words_per_1k
achat-ein-april-scherz.xml,,Ein April-Scherz,1842,123,406,3.3008,6022,20.4251,67.4195
adolph-am-ersten-mai.xml,Adolph,Am ersten Mai,1919,156,996,6.3846,6298,24.7698,158.1454
alberti-brot.xml,Alberti,Brot!,1888,368,1759,4.7799,26475,13.8999,66.44
alberti-im-suff.xml,Alberti,Im Suff,1890,239,4012,16.7866,9629,24.8209,416.658
alexander-die-verpfaendung.xml,Alexander,Die Verpfändung,1779,160,738,4.6125,5968,26.8097,123.6595
andre-cremeri-die-leiden-des-jungen-werthers.xml,André,Die Leiden des Jungen Werthers,1776,180,1300,7.2222,6046,29.7717,215.0182
andre-der-comoedienfeind.xml,André,Der Comödienfeind,1765,89,551,6.191,5027,17.7044,109.6081
angely-prinz-tu-ta-tu.xml,Angely,Prinz Tu-Ta-Tu,1836,191,880,4.6073,6647,28.7348,132.3906
anonym-amalie-und-charlotte-baronessen-von-habenichts.xml,,"Amalie und Charlotte Baronessen von Habenichts: oder die ungleichen
          Schwestern",1754,87,479,5.5057,7797,11.1581,61.4339
anonym-das-ehrenmaal-des-patrioten.xml,,Das Ehrenmaal des Patrioten,1774,7,8,1.1429,1018,6.8762,7.8585
anonym-das-lustlager.xml,,Das Lustlager,1778,18,72,4.0,4796,3.7531,15.0125
anonym-das-muenchner-spiel-vom-sterbenden-menschen.xml,,Das Münchner Spiel vom sterbenden Menschen,1510,137,1127,8.2263,14251,9.6134,79.0822
anonym-das-urtheil-des-paris.xml,,Das Urtheil des Paris,1752,12,104,8.6667,1705,7.0381,60.9971
anonym-der-deutsche-student.xml,,Der deutsche Student,1779,56,307,5.4821,4847,11.5535,63.3381
anonym-der-von-der-liebe-betrogene-philosoph.xml,,Der von der Liebe betrogene Philosoph,1750,146,525,3.5959,7473,19.537,70.2529
anonym-die-gedruckten-theater-regeln.xml,,"Die gedruckten Theater-Regeln, oder: Welcher Stand ist beßer?",1779,44,135,3.0682,6581,6.6859,20.5136
anonym-die-gespenster.xml,,Die Gespenster,1770,26,149,5.7308,2631,9.8822,56.6325
anonym-die-grands-von-frankreich-in-ihrer-wahren-gestalt.xml,,Die Grands von Frankreich in ihrer wahren Gestalt,1814,53,354,6.6792,1969,26.9172,179.7867
anonym-die-verhandelte-braut.xml,,Die verhandelte Braut,1760,17,59,3.4706,2355,7.2187,25.0531
anonym-die-weiber-list.xml,,Die Weiber-List,1743,49,169,3.449,3437,14.2566,49.1708
anonym-emilie-oder-die-philosophisch-verliebten.xml,,Emilie oder die Philosophisch-Verliebten,1770,49,205,4.1837,12294,3.9857,16.6748
anzengruber-das-vierte-gebot.xml,Anzengruber,Das vierte Gebot,1878,545,4090,7.5046,15484,35.1976,264.1436
anzengruber-der-gwissenswurm.xml,Anzengruber,Der Gwissenswurm,1874,359,2269,6.3203,14401,24.9288,157.5585
anzengruber-der-meineidbauer.xml,Anzengruber,Der Meineidbauer,1871,421,2752,6.5368,20340,20.6981,135.2999
anzengruber-der-pfarrer-von-kirchfeld.xml,Anzengruber,Der Pfarrer von Kirchfeld,1871,415,2472,5.9566,18904,21.953,130.766
anzengruber-die-kreuzelschreiber.xml,Anzengruber,Die Kreuzelschreiber,1872,550,3828,6.96,14797,37.1697,258.7011
anzengruber-heimgfunden.xml,Anzengruber,Heimg'funden,1885,570,4309,7.5596,21620,26.3645,199.3062
arnim-das-loch.xml,Arnim,Das Loch oder Das wiedergefundene Paradies,1813,56,245,4.375,6241,8.9729,39.2565
arnim-halle.xml,Arnim,Halle,1811,367,2562,6.9809,44030,8.3352,58.1876
arnim-jerusalem.xml,Arnim,Jerusalem,1811,188,1724,9.1702,26630,7.0597,64.739
arnim-marino-caboga.xml,Arnim,Marino Caboga,1826,117,714,6.1026,14409,8.1199,49.5524
auenbrugger-der-rauchfangkehrer.xml,Auenbrugger,"Der Rauchfangkehrer oder Die unentbehrlichen Verräther ihrer Herrschaften
          aus Eigennutz",,542,3190,5.8856,12111,44.7527,263.3969
auffenberg-der-loewe-von-kurdistan.xml,Auffenberg,Der Löwe von Kurdistan,1827,363,3322,9.1515,17804,20.3887,186.5873
avenarius-faust.xml,Avenarius,Faust,1919,428,3534,8.257,21862,19.5773,161.6504
ayrenhoff-der-postzug.xml,Ayrenhoff,Der Postzug oder die noblen Passionen,1769,116,582,5.0172,12820,9.0484,45.3978
ayrenhoff-virginia.xml,Ayrenhoff,Virginia oder Das abgeschaffte Decemvirat,1790,132,906,6.8636,14938,8.8365,60.6507
ayrer-comedia-von-der-schoenen-sidea.xml,Ayrer,"Comedia von der schönen Sidea, wie es ihr biss zu jrer Verheüratung
          ergangen",1618,281,1544,5.4947,8255,34.04,187.0382
ayrer-comedia-von-zweyen-bruedern-auss-syracusa.xml,Ayrer,Comedia von zweyen Brüdern auss Syracusa,1618,259,1022,3.9459,7462,34.7092,136.9606
ayrer-fassnachtspil-wie-einem-weib-jhr-eygener-mann.xml,Ayrer,"Fassnachtspil, wie einem Weib jhr eygener Mann vnwissenter Ding
          verkuppelt wird",1618,72,282,3.9167,3349,21.499,84.2042
ayrer-tragedia-thesei.xml,Ayrer,"Tragedia Thesei des zehenten Königs zu Athen, von den vierzehen
          Tributkindern",1618,431,1916,4.4455,17615,24.4678,108.7709
babo-arno.xml,Babo,Arno,1776,214,1061,4.9579,7121,30.052,148.9959
babo-das-fraeulein-wohlerzogen.xml,Babo,Das Fräulein Wohlerzogen,1783,90,431,4.7889,8012,11.2332,53.7943
babo-das-winterquartier-in-amerika.xml,Babo,Das Winterquartier in Amerika,1778,95,494,5.2,4901,19.3838,100.7958
babo-die-maler.xml,Babo,Die Maler,1783,101,462,4.5743,6132,16.471,75.3425
baeuerle-die-buerger-in-wien.xml,Bäuerle,Die Bürger in Wien,1820,265,1203,4.5396,14422,18.3747,83.4142
baeuerle-doktor-fausts-mantel.xml,Bäuerle,Doktor Faust's Mantel,1819,414,2670,6.4493,14654,28.2517,182.2028
baggesen-der-vollendete-faust.xml,Baggesen,Der vollendete Faust oder Romanien in Jauer,1836,1056,5911,5.5975,39026,27.0589,151.4631
bahr-das-konzert.xml,Bahr,Das Konzert,1909,1853,11389,6.1462,28076,65.9994,405.649
bahr-das-phantom.xml,Bahr,Das Phantom,1913,1579,10805,6.8429,22951,68.7987,470.7856
ball-die-nase-des-michelangelo.xml,Ball,Die Nase des Michelangelo,1911,140,518,3.7,9526,14.6966,54.3775
barlach-der-blaue-boll.xml,Barlach,Der blaue Boll,1926,346,1996,5.7688,19169,18.05,104.1265
bauernfeld-buergerlich-und-romantisch.xml,Bauernfeld,Bürgerlich und Romantisch,1837,310,1015,3.2742,16030,19.3387,63.3188
bauernfeld-grossjaehrig.xml,Bauernfeld,Großjährig,1846,347,1306,3.7637,11205,30.9683,116.5551
bauernfeld-industrie-und-herz.xml,Bauernfeld,Industrie und Herz,1847,309,1214,3.9288,13078,23.6275,92.8276
beer-der-paria.xml,Beer,Der Paria,1826,130,672,5.1692,5566,23.3561,120.733
beer-struensee.xml,Beer,Struensee,1829,447,2741,6.132,27632,16.1769,99.1966
benedix-das-bemooste-haupt.xml,Benedix,Das bemooste Haupt oder Der lange Israël,1840,311,1524,4.9003,15306,20.3188,99.5688
benedix-die-hochzeitsreise.xml,Benedix,Die Hochzeitsreise,1853,299,1553,5.194,9480,31.5401,163.8186
benedix-die-luegnerin.xml,Benedix,Die Lügnerin,1851,177,705,3.9831,5469,32.3642,128.9084
benedix-doctor-wespe.xml,Benedix,Doctor Wespe,1844,470,1655,3.5213,20652,22.7581,80.1375
benedix-eigensinn.xml,Benedix,Eigensinn,1849,221,1146,5.1855,3977,55.5695,288.1569
benedix-johanna-sebus.xml,Benedix,Johanna Sebus,1835,102,453,4.4412,6198,16.4569,73.0881
benedix-unerschuetterlich.xml,Benedix,Unerschütterlich,1848,81,353,4.358,3233,25.0541,109.1865
benkowitz-die-jubelfeier-der-hoelle.xml,Benkowitz,"Die Jubelfeier der Hölle, oder Faust der jüngere",1801,360,2621,7.2806,24854,14.4846,105.4559
berg-kalisch-berlin-wie-es-weint-und-lacht.xml,Berg,"Berlin, wie es weint und lacht",1858,631,3774,5.981,15216,41.4695,248.0284
bernard-faust.xml,Bernard,Faust,,414,1933,4.6691,7356,56.2806,262.7787
beyer-der-hausherr-in-der-klemme.xml,Beyer,Der Hausherr in der Klemme,1813,113,470,4.1593,4067,27.7846,115.5643
bierbaum-stella-und-antonie.xml,Bierbaum,Stella und Antonie,1903,554,4052,7.3141,19333,28.6557,209.5898
birch-pfeiffer-die-grille.xml,Birch-Pfeiffer,Die Grille,1856,1103,6301,5.7126,21483,51.3429,293.3017
birch-pfeiffer-die-walpurgisnacht.xml,Birch-Pfeiffer,Die Walpurgisnacht,1866,479,3238,6.7599,14475,33.0915,223.696
birch-pfeiffer-in-der-heimath.xml,Birch-Pfeiffer,In der Heimath,1865,948,4193,4.423,20870,45.4241,200.9104
birch-pfeiffer-johannes-gutenberg.xml,Birch-Pfeiffer,Johannes Gutenberg,1836,457,2971,6.5011,16218,28.1786,183.1915
birch-pfeiffer-mutter-und-tochter.xml,Birch-Pfeiffer,Mutter und Tochter,1847,888,4219,4.7511,20719,42.8592,203.6295
birch-pfeiffer-pfeffer-roesel.xml,Birch-Pfeiffer,Pfeffer-Rösel oder Die Frankfurter Messe im Jahre 1297,1833,492,4838,9.8333,15321,32.1128,315.7757
birch-pfeiffer-vatersorgen.xml,Birch-Pfeiffer,Vatersorgen,1849,795,3456,4.3472,17035,46.6686,202.8764
bleibtreu-ein-faust-der-that.xml,Bleibtreu,Ein Faust der That,1889,720,3027,4.2042,33349,21.5899,90.7673
bleibtreu-weltgericht.xml,Bleibtreu,Weltgericht,1888,933,3891,4.1704,13355,69.8615,291.3516
blumenthal-im-weissen-roessl.xml,Blumenthal,Im weißen Rößl,1898,637,3151,4.9466,19424,32.7945,162.222
bodmer-odoardo-galotti-vater-der-emilia.xml,Bodmer,"Odoardo Galotti, Vater der Emilia",1778,20,116,5.8,5163,3.8737,22.4676
bodmer-polytimet.xml,Bodmer,Polytimet,1760,7,19,2.7143,5503,1.272,3.4527
boesenberg-die-amerikanische-waise.xml,Bösenberg,Die amerikanische Waise,1791,141,496,3.5177,9567,14.7382,51.8449
boettger-das-kaffee-haus-zu-paris.xml,Böttger,Das Kaffee-Haus zu Paris,1780,59,360,6.1017,6270,9.4099,57.4163
borchert-draussen-vor-der-tuer.xml,Borchert,Draußen vor der Tür,1947,135,624,4.6222,17733,7.6129,35.1886
borkenstein-der-bookesbeutel.xml,Borkenstein,Der Bookesbeutel,1742,90,294,3.2667,17424,5.1653,16.8733
bossdorf-bahnmeister-dood.xml,Boßdorf,Bahnmeister Dood,1919,499,3084,6.1804,16022,31.1447,192.4853
bossdorf-de-rode-uennerrock.xml,Boßdorf,De rode Ünnerrock,1921,685,3748,5.4715,15434,44.3825,242.8405
brachvogel-narziss.xml,Brachvogel,Narziß,1857,653,3109,4.7611,18565,35.1737,167.4657
brandes-ariadne-auf-naxos.xml,Brandes,Ariadne auf Naxos,,29,300,10.3448,2102,13.7964,142.7212
brandes-hans-von-zanow-oder-der-landjunker-in-berlin.xml,Brandes,Hans von Zanow oder: Der Landjunker in Berlin,1785,392,1600,4.0816,17863,21.9448,89.5706
brandes-ino.xml,Brandes,Ino,1779,58,310,5.3448,2057,28.1964,150.7049
braun-mutter-maria.xml,Braun,Mutter Maria,1913,264,3581,13.5644,13943,18.9342,256.8314
braun-von-braunthal-das-nachtlager-von-granada.xml,Braun von Braunthal,Das Nachtlager von Granada,,396,2554,6.4495,6047,65.487,422.3582
braun-von-braunthal-faust.xml,Braun von Braunthal,Faust,1835,415,2476,5.9663,15643,26.5294,158.2817
brawe-brutus.xml,Brawe,Brutus,1768,62,260,4.1935,12050,5.1452,21.5768
brawe-der-freygeist.xml,Brawe,Der Freygeist,1758,117,427,3.6496,19709,5.9364,21.6652
bredow-goerne-der-lauf-der-welt.xml,Bredow-Görne,Der Lauf der Welt,1871,70,417,5.9571,4135,16.9287,100.8464
bredow-goerne-gute-freunde.xml,Bredow-Görne,Gute Freunde,1871,117,471,4.0256,4288,27.2854,109.8414
bredow-goerne-hypatia.xml,Bredow-Görne,Hypatia,1878,160,787,4.9188,10776,14.8478,73.0327
brentano-die-gruendung-prags.xml,Brentano,Die Gründung Prags,1814,649,5567,8.5778,69993,9.2724,79.5365
brentano-ponce-de-leon.xml,Brentano,Ponce de Leon,1803,669,3533,5.281,34919,19.1586,101.177
bretzner-belmont-und-constanze.xml,Bretzner,Belmont und Constanze oder Die Entführung aus dem Serail,,155,948,6.1161,7040,22.017,134.6591
buechner-dantons-tod.xml,Büchner,Dantons Tod,1835,225,869,3.8622,18662,12.0566,46.5652
buechner-leonce-und-lena.xml,Büchner,Leonce und Lena,1838,134,647,4.8284,8117,16.5086,79.7093
buechner-woyzeck.xml,Büchner,Woyzeck,1875,226,840,3.7168,8945,25.2655,93.9072
bueschel-die-neue-messaline.xml,Büschel,Die neue Messaline,1786,28,91,3.25,4028,6.9513,22.5919
bueschel-julus-und-rhea.xml,Büschel,Julus und Rhea,1779,34,215,6.3235,1960,17.3469,109.6939
bunge-der-trompeter-von-saekkingen.xml,Bunge,Der Trompeter von Säkkingen,,9,38,4.2222,6894,1.3055,5.512
busoni-doktor-faust.xml,Busoni,Doktor Faust,1920,233,1557,6.6824,5066,45.9929,307.3431
busoni-turandot.xml,Busoni,Turandot,1920,134,709,5.291,3486,38.4395,203.385
castelli-jeitteles-der-schicksalsstrumpf.xml,Castelli,Der Schicksalsstrumpf,1818,214,1501,7.014,11604,18.4419,129.3519
chezy-der-neue-narziss.xml,Chézy,Der neue Narziß,1824,52,441,8.4808,4066,12.789,108.4604
chezy-euryanthe.xml,Chézy,Euryanthe,,292,2682,9.1849,5677,51.4356,472.4326
chlumberg-die-fuehrer.xml,Chlumberg,Die Führer,1919,742,3549,4.783,19758,37.5544,179.6234
chlumberg-wunder-um-verdun.xml,Chlumberg,Wunder um Verdun,1931,799,4528,5.6671,20872,38.281,216.9414
collin-balboa.xml,Collin,Balboa,1806,245,938,3.8286,15654,15.651,59.9208
collin-coriolan.xml,Collin,Coriolan,1804,176,690,3.9205,18321,9.6065,37.6617
cornelius-der-barbier-von-bagdad.xml,Cornelius,Der Barbier von Bagdad,,177,1954,11.0395,4920,35.9756,397.1545
costenoble-die-katze-laesst-das-mausen-nicht.xml,Costenoble,Die Katze läßt das Mausen nicht,1811,159,523,3.2893,5597,28.4081,93.4429
cronegk-codrus.xml,Cronegk,Codrus,1758,161,729,4.528,15592,10.3258,46.7547
cronegk-der-misstrauische.xml,Cronegk,Der Mißtrauische,1760,225,882,3.92,24042,9.3586,36.6858
d-elpons-der-ahnherr.xml,d'Elpons,Der Ahnherr,1819,69,234,3.3913,2731,25.2655,85.6829
dauthendey-die-spielereien-einer-kaiserin.xml,Dauthendey,Die Spielereien einer Kaiserin,1910,766,6388,8.3394,28286,27.0805,225.8361
dehmel-die-menschenfreunde.xml,Dehmel,Die Menschenfreunde,1917,347,1963,5.6571,13815,25.1176,142.0919
dehmel-michel-michael.xml,Dehmel,Michel Michael,1911,526,4321,8.2148,12513,42.0363,345.3209
dery-die-selige-insel.xml,Déry,Die selige Insel,1897,32,211,6.5938,4745,6.7439,44.4679
devrient-die-gunst-des-augenblicks.xml,Devrient,Die Gunst des Augenblicks,1836,404,2054,5.0842,15586,25.9207,131.7849
devrient-hans-heiling.xml,Devrient,Hans Heiling,,608,4261,7.0082,9191,66.1517,463.6057
dohm-der-seelenretter.xml,Dohm,Der Seelenretter,1875,162,593,3.6605,7899,20.5089,75.0728
dohm-die-ritter-vom-goldenen-kalb.xml,Dohm,Die Ritter vom Goldenen Kalb,1879,180,1019,5.6611,8287,21.7208,122.9637
dohm-ein-schuss-ins-schwarze.xml,Dohm,Ein Schuß in's Schwarze,1878,251,1202,4.7888,7466,33.6191,160.9965
dohm-vom-stamm-der-asra.xml,Dohm,Vom Stamm der Asra,1875,228,1004,4.4035,8970,25.4181,111.9287
dovsky-mona-lisa.xml,Dovsky,Mona Lisa,,0,0,0.0,5523,0.0,0.0
droste-huelshoff-perdu.xml,Droste-Hülshoff,"Perdu! oder Dichter, Verleger und Blaustrümpfe",1886,608,2669,4.3898,12734,47.7462,209.5964
ebner-eschenbach-am-ende.xml,Ebner-Eschenbach,Am Ende,1897,115,706,6.1391,2955,38.9171,238.9171
ebner-eschenbach-bettelbriefe.xml,Ebner-Eschenbach,Bettelbriefe,1891,77,532,6.9091,4397,17.5119,120.9916
ebner-eschenbach-das-waldfraeulein.xml,Ebner-Eschenbach,Das Waldfräulein,1969,647,2563,3.9614,15606,41.4584,164.2317
ebner-eschenbach-die-selbstsuechtigen.xml,Ebner-Eschenbach,Die Selbstsüchtigen,2010,284,1173,4.1303,9141,31.0688,128.3229
ebner-eschenbach-die-veilchen.xml,Ebner-Eschenbach,Die Veilchen,1862,169,666,3.9408,3546,47.6593,187.8173
ebner-eschenbach-doctor-ritter.xml,Ebner-Eschenbach,Doctor Ritter,1869,57,242,4.2456,3748,15.2081,64.5678
ebner-eschenbach-es-wandelt-niemand-ungestraft-unter-palmen.xml,Ebner-Eschenbach,Es wandelt Niemand ungestraft unter Palmen,1881,108,598,5.537,3123,34.5821,191.4825
ebner-eschenbach-ihre-schwester.xml,Ebner-Eschenbach,Ihre Schwester,1903,72,877,12.1806,2863,25.1484,306.322
ebner-eschenbach-maennertreue.xml,Ebner-Eschenbach,Männertreue,1874,402,1815,4.5149,10089,39.8454,179.8989
ebner-eschenbach-ohne-liebe.xml,Ebner-Eschenbach,Ohne Liebe,1891,230,1436,6.2435,5200,44.2308,276.1538
eckardt-die-vergiftete-traube.xml,Eckardt,Die Vergiftete Traube,1783,144,718,4.9861,7680,18.75,93.4896
eckartshausen-der-pudelhund.xml,Eckartshausen,Der Pudelhund,1800,49,231,4.7143,7980,6.1404,28.9474
eichendorff-das-incognito.xml,Eichendorff,Das Incognito oder Die mehreren Könige oder Alt und Neu,1901,133,793,5.9624,4854,27.4001,163.3704
eichendorff-der-letzte-held-von-marienburg.xml,Eichendorff,Der letzte Held von Marienburg,1830,462,2327,5.0368,20611,22.4152,112.9009
eichendorff-die-freier.xml,Eichendorff,Die Freier,1833,313,1629,5.2045,13774,22.724,118.2663
engel-der-diamant.xml,Engel,Der Diamant,1772,80,275,3.4375,5574,14.3524,49.3362
engel-der-edelknabe.xml,Engel,Der Edelknabe,1774,194,905,4.6649,7039,27.5607,128.5694
engel-eid-und-pflicht.xml,Engel,Eid und Pflicht,1803,499,1870,3.7475,15746,31.6906,118.7603
engelke-wala.xml,Engelke,Wala,,84,723,8.6071,2346,35.8056,308.1841
ernst-die-groesste-suende.xml,Ernst,Die größte Sünde,1895,610,3559,5.8344,20458,29.8172,173.9662
ertler-anna-iwanowna.xml,Ertler,Anna Iwanowna,1920,888,6518,7.3401,18226,48.7216,357.621
ertler-belian-und-marpalye.xml,Ertler,Belian und Marpalye,1924,405,3950,9.7531,10789,37.5382,366.1136
ertler-das-spiel-von-doktor-faust.xml,Ertler,Das Spiel von Doktor Faust,1923,312,1317,4.2212,13074,23.8642,100.7343
essig-der-frauenmut.xml,Essig,Der Frauenmut,1912,700,4417,6.31,22566,31.0201,195.7369
essig-ueberteufel.xml,Essig,Überteufel,1912,756,4174,5.5212,21771,34.7251,191.7229
fock-cili-cohrs.xml,Fock,Cili Cohrs,1914,91,371,4.0769,5134,17.725,72.2633
fouque-aslauga.xml,Motte,Aslauga,1810,145,719,4.9586,14230,10.1897,50.5271
fouque-sigurd-der-schlangentoedter.xml,Motte,"Sigurd, der Schlangentödter",1808,264,1128,4.2727,25757,10.2496,43.7939
fouque-sigurds-rache.xml,Motte,Sigurds Rache,1810,210,1001,4.7667,19402,10.8236,51.5926
frank-sturm-im-wasserglas.xml,Frank,Sturm im Wasserglas,1930,601,3323,5.5291,15941,37.7015,208.4562
frech-von-ehrimfeld-die-gefahr.xml,Frech,Die Gefahr,1804,7,36,5.1429,1319,5.3071,27.2934
freisleben-der-weihnachtstag.xml,Freisleben,Der Weihnachtstag,1827,61,440,7.2131,1547,39.4312,284.4215
freytag-der-gelehrte.xml,Freytag,Der Gelehrte,1848,95,381,4.0105,6412,14.816,59.4198
freytag-die-journalisten.xml,Freytag,Die Journalisten,1854,637,2473,3.8823,24820,25.6648,99.6374
freytag-graf-waldemar.xml,Freytag,Graf Waldemar,1850,413,1526,3.6949,20941,19.7221,72.8714
ganghofer-der-herrgottschnitzer-von-ammergau.xml,Ganghofer,Der Herrgottschnitzer von Ammergau,1880,361,2522,6.9861,18136,19.9052,139.0604
gasser-ramirus.xml,Sager,Ramirus,1775,16,66,4.125,4394,3.6413,15.0205
gehe-jessonda.xml,Gehe,Jessonda,,30,32,1.0667,4540,6.6079,7.0485
gellert-die-betschwester.xml,Gellert,Die Betschwester,1745,49,149,3.0408,17688,2.7702,8.4238
gellert-die-zaertlichen-schwestern.xml,Gellert,Die zärtlichen Schwestern,1747,129,410,3.1783,22195,5.8121,18.4726
gemmingen-hornberg-der-deutsche-hausvater.xml,Gemmingen-Hornberg,Der deutsche Hausvater oder die Familie,1780,273,1781,6.5238,17557,15.5494,101.441
gengenbach-der-nollhart.xml,Gengenbach,Der Nollhart,1517,12,40,3.3333,8611,1.3936,4.6452
gennep-homulus.xml,Gennep,Homulus (Der sünden loin ist der Toid),1540,57,362,6.3509,15139,3.7651,23.9118
gerhaeuser-der-moloch.xml,Gerhäuser,Der Moloch,,305,3373,11.059,5704,53.4712,591.3394
gerstenberg-ugolino.xml,Gerstenberg,Ugolino,1768,203,925,4.5567,14077,14.4207,65.71
gessner-evander-und-alcimna.xml,Gessner,Evander und Alcimna,1762,55,230,4.1818,8257,6.661,27.8552
gleich-der-eheteufel-auf-reisen.xml,Gleich,Der Eheteufel auf Reisen,1822,204,1174,5.7549,12380,16.4782,94.8304
gleim-philotas.xml,Gleim,Philotas,1760,8,38,4.75,3409,2.3467,11.147
goentgen-anna-bell.xml,Göntgen,Anna Bell,1775,57,277,4.8596,5363,10.6284,51.6502
goering-seeschlacht.xml,Goering,Seeschlacht,1917,68,557,8.1912,8992,7.5623,61.944
goethe-clavigo.xml,Goethe,Clavigo,1774,145,797,5.4966,12893,11.2464,61.8165
goethe-das-jahrmarktsfest-zu-plundersweilern.xml,Goethe,Das Jahrmarktsfest zu Plundersweilern,1789,35,243,6.9429,4054,8.6334,59.9408
goethe-der-buergergeneral.xml,Goethe,Der Bürgergeneral,1793,176,772,4.3864,6739,26.1166,114.5571
goethe-der-grosskophta.xml,Goethe,Der Großkophta,1792,329,2129,6.4711,20779,15.8333,102.4592
goethe-der-triumph-der-empfindsamkeit.xml,Goethe,Der Triumph der Empfindsamkeit,1787,131,1409,10.7557,10139,12.9204,138.9683
goethe-des-epimenides-erwachen.xml,Goethe,Des Epimenides Erwachen,1815,105,1048,9.981,5617,18.6933,186.5765
goethe-die-laune-des-verliebten.xml,Goethe,Die Laune des Verliebten,1806,67,433,6.4627,4916,13.629,88.0797
goethe-die-mitschuldigen.xml,Goethe,Die Mitschuldigen,1909,197,915,4.6447,5895,33.4182,155.2163
goethe-die-natuerliche-tochter.xml,Goethe,Die natürliche Tochter,1803,101,514,5.0891,19459,5.1904,26.4145
goethe-die-wette.xml,Goethe,Die Wette,1837,24,266,11.0833,3413,7.0319,77.9373
goethe-egmont.xml,Goethe,Egmont,1788,142,1131,7.9648,23845,5.9551,47.4313
goethe-erwin-und-elmire.xml,Goethe,Erwin und Elmire,1775,44,273,6.2045,5956,7.3875,45.8361
goethe-faust-der-tragoedie-zweiter-teil.xml,Goethe,Faust. Der Tragödie zweiter Teil,1832,426,2031,4.7676,43970,9.6884,46.1906
goethe-faust-eine-tragoedie.xml,Goethe,Faust,1808,272,1335,4.9081,28245,9.63,47.265
goethe-faust-in-urspruenglicher-gestalt.xml,Goethe,Faust [in ursprünglicher Gestalt],1887,153,755,4.9346,11154,13.7171,67.6887
goethe-goetter-helden-und-wieland.xml,Goethe,"Götter, Helden und Wieland",1774,8,25,3.125,3484,2.2962,7.1757
goethe-goetz-von-berlichingen-mit-der-eisernen-hand.xml,Goethe,Götz von Berlichingen mit der eisernen Hand,1773,318,1056,3.3208,25643,12.401,41.1808
goethe-iphigenie-auf-tauris.xml,Goethe,Iphigenie auf Tauris,1787,36,128,3.5556,14532,2.4773,8.8081
goethe-pandora.xml,Goethe,Pandora,1810,56,228,4.0714,6685,8.377,34.1062
goethe-proserpina.xml,Goethe,Proserpina,1778,2,16,8.0,1177,1.6992,13.5939
goethe-satyros.xml,Goethe,Satyros oder der vergötterte Waldteufel,1817,37,180,4.8649,2666,13.8785,67.5169
goethe-stella.xml,Goethe,Stella,1776,161,665,4.1304,11129,14.4667,59.7538
goethe-torquato-tasso.xml,Goethe,Torquato Tasso,1790,56,259,4.625,24754,2.2623,10.463
gotter-der-dorfjahrmarkt.xml,Gotter,Der Dorfjahrmarkt,1778,317,1472,4.6435,9524,33.2843,154.5569
gotter-die-erbschleicher.xml,Gotter,Die Erbschleicher,1789,1090,4056,3.7211,23320,46.741,173.928
gotter-die-geisterinsel.xml,Gotter,Die Geisterinsel,,465,2421,5.2065,10137,45.8716,238.8281
gotter-medea.xml,Gotter,Medea,1782,44,303,6.8864,2048,21.4844,147.9492
gottsched-atalanta.xml,Gottsched,"Atalanta, oder die bezwungene Sprödigkeit",1741,119,404,3.395,14476,8.2205,27.9083
gottsched-der-sterbende-cato.xml,Gottsched,Der sterbende Cato,1732,110,370,3.3636,19233,5.7193,19.2378
gottschedin-das-testament.xml,Gottsched,Das Testament,1745,543,1682,3.0976,20416,26.5968,82.3864
gottschedin-der-witzling.xml,Gottsched,Der Witzling,1745,124,592,4.7742,7637,16.2367,77.5173
gottschedin-die-pietisterey-im-fischbein-rocke.xml,Gottsched,Die Pietisterey im Fischbein-Rocke oder Die Doctormäßige Frau,1736,115,458,3.9826,21447,5.3621,21.355
grabbe-die-hermannsschlacht.xml,Grabbe,Die Hermannsschlacht,1838,298,1752,5.8792,13875,21.4775,126.2703
grabbe-don-juan-und-faust.xml,Grabbe,Don Juan und Faust,1829,277,1461,5.2744,20433,13.5565,71.502
grabbe-hannibal.xml,Grabbe,Hannibal,1835,348,1887,5.4224,14696,23.6799,128.4023
grabbe-herzog-theodor-von-gothland.xml,Grabbe,Herzog Theodor von Gothland,1827,940,5029,5.35,36091,26.0453,139.3422
grabbe-kaiser-friedrich-barbarossa.xml,Grabbe,Kaiser Friedrich Barbarossa,1829,365,2046,5.6055,18806,19.4087,108.7951
grabbe-kaiser-heinrich-der-sechste.xml,Grabbe,Kaiser Heinrich der Sechste,1830,313,2099,6.7061,26989,11.5973,77.7724
grabbe-napoleon.xml,Grabbe,Napoleon oder Die hundert Tage,1831,507,3125,6.1637,31400,16.1465,99.5223
grabbe-scherz-satire-ironie-und-tiefere-bedeutung.xml,Grabbe,"Scherz, Satire, Ironie und tiefere Bedeutung",1827,323,1862,5.7647,14830,21.7802,125.5563
grillparzer-der-gastfreund.xml,Grillparzer,Der Gastfreund,1822,79,564,7.1392,3470,22.7666,162.536
grillparzer-der-traum-ein-leben.xml,Grillparzer,Der Traum ein Leben,1840,365,3434,9.4082,14473,25.2194,237.2694
grillparzer-des-meeres-und-der-liebe-wellen.xml,Grillparzer,Des Meeres und der Liebe Wellen,1840,362,2717,7.5055,16144,22.4232,168.2978
grillparzer-die-ahnfrau.xml,Grillparzer,Die Ahnfrau,1817,233,1429,6.133,17029,13.6825,83.9157
grillparzer-die-argonauten.xml,Grillparzer,Die Argonauten,1822,406,2564,6.3153,12459,32.5869,205.795
grillparzer-die-juedin-von-toledo.xml,Grillparzer,Die Jüdin von Toledo,1872,275,1955,7.1091,14400,19.0972,135.7639
grillparzer-ein-bruderzwist-in-habsburg.xml,Grillparzer,Ein Bruderzwist in Habsburg,1872,490,3270,6.6735,21340,22.9616,153.2334
grillparzer-ein-treuer-diener-seines-herrn.xml,Grillparzer,Ein treuer Diener seines Herrn,1830,437,3151,7.2105,16185,27.0003,194.6864
grillparzer-koenig-ottokars-glueck-und-ende.xml,Grillparzer,König Ottokars Glück und Ende,1825,542,3705,6.8358,22131,24.4905,167.4122
grillparzer-libussa.xml,Grillparzer,Libussa,1872,306,2450,8.0065,18907,16.1845,129.5816
grillparzer-medea.xml,Grillparzer,Medea,1822,239,1382,5.7824,17253,13.8527,80.102
grillparzer-sappho.xml,Grillparzer,Sappho,1819,242,1380,5.7025,14705,16.457,93.8456
grillparzer-weh-dem-der-luegt.xml,Grillparzer,"Weh dem, der lügt!",1840,401,2498,6.2294,14503,27.6495,172.2402
grohmann-der-physiognomist-oder-keine-regel-ohn-ausnahme.xml,Grohmann,Der Physiognomist. Oder: Keine Regel ohn' Ausnahme,1778,100,388,3.88,9537,10.4855,40.6837
grohmann-gioconda-oder-weiberrache-kennt-keine-grenzen.xml,Grohmann,Gioconda oder Weiberrache kennt keine Grenzen,1781,160,824,5.15,11534,13.872,71.441
grohmann-wohlthat-fuer-wohlthat.xml,Grohmann,Wohlthat für Wohlthat,1790,76,451,5.9342,6219,12.2206,72.5197
gronemann-hamans-flucht.xml,Gronemann,Hamans Flucht,1926,116,1139,9.819,3943,29.4192,288.8663
gryphius-absurda-comica-oder-herr-peter-squentz.xml,Gryphius,Absurda Comica oder Herr Peter Squentz,1658,35,555,15.8571,8288,4.223,66.9643
gryphius-cardenio-und-celinde.xml,Gryphius,Cardenio und Celinde oder Unglücklich Verliebete,1657,32,201,6.2812,18986,1.6855,10.5867
gryphius-carolus-stuardus.xml,Gryphius,Carolus Stuardus,1657,51,224,4.3922,31991,1.5942,7.002
gryphius-catharina-von-georgien.xml,Gryphius,Catharina von Georgien oder Bewehrete Beständigkeit,1657,48,260,5.4167,25157,1.908,10.3351
gryphius-horribilicribrifax-teutsch.xml,Gryphius,Horribilicribrifax Teutsch,1663,79,392,4.962,21251,3.7175,18.4462
gryphius-leo-armenius-oder-fuersten-mord.xml,Gryphius,Leo Armenius oder Fürsten-Mord,1650,37,220,5.9459,24100,1.5353,9.1286
gryphius-papinianus.xml,Gryphius,"Großmütiger Rechtsgelehrter oder Sterbender Aemilius Paulus
          Papinianus",1659,45,242,5.3778,29925,1.5038,8.0869
gryphius-verlibtes-gespenste-die-gelibte-dornrose.xml,Gryphius,Verlibtes Gespenste / Die gelibte Dornrose,1661,136,533,3.9191,17809,7.6366,29.9287
guenderode-der-kanonenschlag.xml,Günderode,Der Kanonenschlag oder Das Gastmahl des Tantalus,,28,134,4.7857,1244,22.508,107.717
guenderode-magie-und-schicksal.xml,Günderode,Magie und Schicksal,1805,84,359,4.2738,8111,10.3563,44.2609
guenderode-nikator.xml,Günderode,Nikator,1805,32,101,3.1562,3632,8.8106,27.8084
guenderode-udohla.xml,Günderode,Udohla,1805,41,175,4.2683,5201,7.8831,33.6474
gutzkow-das-urbild-des-tartueffe.xml,Gutzkow,Das Urbild des Tartüffe,1847,434,1631,3.7581,21293,20.3823,76.5979
gutzkow-richard-savage.xml,Gutzkow,Richard Savage oder Der Sohn einer Mutter,1842,324,1854,5.7222,18742,17.2874,98.9222
gutzkow-uriel-acosta.xml,Gutzkow,Uriel Acosta,1847,231,1487,6.4372,15198,15.1994,97.8418
gutzkow-zopf-und-schwert.xml,Gutzkow,Zopf und Schwert,1844,574,2568,4.4739,19540,29.3756,131.4227
haffner-die-fledermaus.xml,Haffner,Die Fledermaus,,468,1740,3.7179,13794,33.9278,126.1418
hafner-der-furchtsame.xml,Hafner,Der Furchtsame,1764,369,1861,5.0434,19919,18.525,93.4284
hafner-die-reisenden-komoedianten.xml,Hafner,"Die reisenden Komödianten, oder der gescheide und dämische
          Impresaro",1762,63,352,5.5873,7554,8.34,46.5978
hafner-maegera-die-foerchterliche-hexe.xml,Hafner,"Mägera, die förchterliche Hexe oder Das bezauberte Schloß des Herrn von
          Einhorn",1764,379,2710,7.1504,19816,19.126,136.7582
hagemann-ludwig-der-springer.xml,Hagemann,Ludwig der Springer,1793,249,1607,6.4538,13740,18.1223,116.9578
hallmann-mariamne.xml,Hallmann,Mariamne,1670,53,440,8.3019,25809,2.0535,17.0483
halm-der-sohn-der-wildnis.xml,Halm,Der Sohn der Wildnis,1843,302,2225,7.3675,18335,16.4712,121.3526
hartleben-die-sittliche-forderung.xml,Hartleben,Die sittliche Forderung,1897,174,948,5.4483,4415,39.4111,214.7225
hartleben-hanna-jagert.xml,Hartleben,Hanna Jagert,1893,659,3796,5.7602,16576,39.7563,229.0058
hartleben-rosenmontag.xml,Hartleben,Rosenmontag,1898,859,6140,7.1478,19085,45.0092,321.7186
hasenclever-der-sohn.xml,Hasenclever,Der Sohn,1914,326,2320,7.1166,20916,15.5862,110.9199
hauptmann-carl-der-antiquar.xml,Hauptmann,Der Antiquar,1909,218,1824,8.367,5642,38.6388,323.2896
hauptmann-carl-die-armseligen-besenbinder.xml,Hauptmann,Die armseligen Besenbinder,1913,389,4375,11.2468,13428,28.9693,325.8117
hauptmann-carl-ephraims-breite.xml,Hauptmann,Ephraims Breite,1900,876,4274,4.879,16752,52.2923,255.1337
hauptmann-carl-frau-nadja-bielew.xml,Hauptmann,Frau Nadja Bielew,1909,143,1597,11.1678,4809,29.7359,332.0857
hauptmann-carl-gaukler-tod-und-juwelier.xml,Hauptmann,"Gaukler, Tod und Juwelier",1917,399,3866,9.6892,13642,29.2479,283.3895
hauptmann-carl-im-goldenen-tempel-buche-verzeichnet.xml,Hauptmann,Im goldenen Tempel-Buche verzeichnet,1909,115,1450,12.6087,3859,29.8005,375.745
hauptmann-carl-musik.xml,Hauptmann,Musik,1918,341,2538,7.4428,7524,45.3216,337.3206
hauptmann-carl-tobias-buntschuh.xml,Hauptmann,Tobias Buntschuh,1916,413,4234,10.2518,14555,28.3751,290.8966
hauptmann-die-ratten.xml,Hauptmann,Die Ratten,1911,468,5226,11.1667,26932,17.3771,194.0443
hauptmann-florian-geyer.xml,Hauptmann,Florian Geyer,1896,602,4464,7.4153,32026,18.7972,139.3867
hauptmann-gabriel-schillings-flucht.xml,Hauptmann,Gabriel Schillings Flucht,1912,341,4745,13.915,16791,20.3085,282.5919
hauptmann-vor-sonnenaufgang.xml,Hauptmann,Vor Sonnenaufgang,1889,556,6452,11.6043,21191,26.2376,304.4689
hebbel-agnes-bernauer.xml,Hebbel,Agnes Bernauer,1855,432,2061,4.7708,23193,18.6263,88.863
hebbel-demetrius.xml,Hebbel,Demetrius,1864,299,1211,4.0502,24440,12.234,49.5499
hebbel-der-diamant.xml,Hebbel,Der Diamant,1847,330,1248,3.7818,21890,15.0754,57.0123
hebbel-der-gehoernte-siegfried.xml,Hebbel,Der gehörnte Siegfried,1862,25,97,3.88,4782,5.2279,20.2844
hebbel-der-rubin.xml,Hebbel,Der Rubin,1851,258,1262,4.8915,10227,25.2273,123.3988
hebbel-genoveva.xml,Hebbel,Genoveva,1843,599,2802,4.6778,29687,20.1772,94.3847
hebbel-gyges-und-sein-ring.xml,Hebbel,Gyges und sein Ring,1856,113,511,4.5221,14988,7.5394,34.0939
hebbel-herodes-und-mariamne.xml,Hebbel,Herodes und Mariamne,1850,305,1026,3.3639,24771,12.3128,41.4194
hebbel-judith.xml,Hebbel,Judith,1841,293,1251,4.2696,20784,14.0974,60.1905
hebbel-kriemhilds-rache.xml,Hebbel,Kriemhilds Rache,1862,322,1490,4.6273,20641,15.6,72.1864
hebbel-maria-magdalene.xml,Hebbel,Maria Magdalene,1844,208,705,3.3894,24202,8.5943,29.1298
hebbel-siegfrieds-tod.xml,Hebbel,Siegfrieds Tod,1862,236,1027,4.3517,15489,15.2366,66.3051
hebbel-trauerspiel-in-sizilien.xml,Hebbel,Ein Trauerspiel in Sizilien,1847,87,274,3.1494,6888,12.6307,39.7793
heine-almansor.xml,Heine,Almansor,1821,196,1077,5.4949,12149,16.133,88.6493
heine-william-ratcliff.xml,Heine,William Ratcliff,1823,172,889,5.1686,6169,27.8813,144.1076
heiseler-die-kinder-godunofs.xml,Heiseler,Die Kinder Godunófs,1929,137,1432,10.4526,11287,12.1379,126.8716
heiseler-peter-und-alexej.xml,Heiseler,Peter und Alexéj,1912,269,2822,10.4907,13778,19.5239,204.8193
helldorff-der-zwischenact.xml,Helldorff,Der Zwischenact,1828,96,504,5.25,2915,32.9331,172.8988
hensler-der-schornsteinfeger.xml,Hensler,Der Schornsteinfeger,1791,452,1965,4.3473,15625,28.928,125.76
hensler-die-teufelsmuehle-am-wienerberg.xml,Hensler,Die Teufelsmühle am Wienerberg,1799,418,2258,5.4019,13496,30.9721,167.3088
herzenskron-hoang-puff.xml,Herzenskron,Hoang-Puff,1826,138,535,3.8768,4719,29.2435,113.3715
herzl-das-neue-ghetto.xml,Herzl,Das neue Ghetto,1897,612,2660,4.3464,12834,47.6858,207.262
herzl-der-fluechtling.xml,Herzl,Der Flüchtling,1887,201,978,4.8657,4833,41.5891,202.3588
heym-atalanta-oder-die-angst.xml,Heym,Atalanta oder Die Angst,1962,81,1020,12.5926,6235,12.9912,163.5926
heyne-der-stammbaum.xml,Heyne,Der Stammbaum,1791,186,825,4.4355,7203,25.8226,114.5356
heyne-die-beiden-billets.xml,Heyne,Die beiden Billets,1783,90,295,3.2778,5767,15.606,51.1531
heyse-colberg.xml,Heyse,Colberg,1868,418,2666,6.378,17694,23.6238,150.6725
heyse-don-juans-ende.xml,Heyse,Don Juan's Ende,1883,473,3149,6.6575,17877,26.4586,176.1481
hillern-guten-abend.xml,Hillern,Guten Abend,1865,83,526,6.3373,3989,20.8072,131.8626
hippel-der-mann-nach-der-uhr.xml,Hippel,Der Mann nach der Uhr oder Der ordentliche Mann,1765,156,523,3.3526,8132,19.1835,64.3138
hofmannsthal-alkestis.xml,Hofmannsthal,Alkestis,1909,104,742,7.1346,6468,16.0792,114.7186
hofmannsthal-arabella.xml,Hofmannsthal,Arabella,1928,515,3366,6.5359,9900,52.0202,340.0
hofmannsthal-ariadne-auf-naxos.xml,Hofmannsthal,Ariadne auf Naxos,1912,268,1799,6.7127,5760,46.5278,312.3264
hofmannsthal-das-bergwerk-zu-falun.xml,Hofmannsthal,Das Bergwerk zu Falun,1933,506,3997,7.8992,16894,29.9515,236.5929
hofmannsthal-das-salzburger-grosse-welttheater.xml,Hofmannsthal,Das Salzburger große Welttheater,1929,340,3221,9.4735,10458,32.511,307.9939
hofmannsthal-der-abenteurer-und-die-saengerin.xml,Hofmannsthal,Der Abenteurer und die Sängerin oder Die Geschenke des Lebens,1899,423,3422,8.0898,13846,30.5503,247.1472
hofmannsthal-der-rosenkavalier.xml,Hofmannsthal,Der Rosenkavalier,1911,715,7615,10.6503,11890,60.1346,640.4542
hofmannsthal-der-schwierige.xml,Hofmannsthal,Der Schwierige,1920,475,2512,5.2884,25478,18.6435,98.5949
hofmannsthal-der-tod-des-tizian.xml,Hofmannsthal,Der Tod des Tizian,1901,51,744,14.5882,2188,23.309,340.0366
hofmannsthal-der-tor-und-der-tod.xml,Hofmannsthal,Der Tor und der Tod,1894,32,494,15.4375,3617,8.8471,136.5773
hofmannsthal-der-turm.xml,Hofmannsthal,Der Turm,1924,864,7291,8.4387,28462,30.3563,256.1661
hofmannsthal-der-unbestechliche.xml,Hofmannsthal,Der Unbestechliche,1924,504,3326,6.5992,14936,33.744,222.6834
hofmannsthal-die-frau-im-fenster.xml,Hofmannsthal,Die Frau im Fenster,1898,84,1334,15.881,6828,12.3023,195.372
hofmannsthal-die-frau-ohne-schatten.xml,Hofmannsthal,Die Frau ohne Schatten,1919,412,3699,8.9782,7782,52.9427,475.3277
hofmannsthal-elektra.xml,Hofmannsthal,Elektra,1904,153,1491,9.7451,9343,16.3759,159.5847
hofmannsthal-jedermann.xml,Hofmannsthal,Jedermann,1911,146,875,5.9932,10848,13.4587,80.66
hofmannsthal-oedipus-und-die-sphinx.xml,Hofmannsthal,Ödipus und die Sphinx,1906,365,2356,6.4548,19452,18.7641,121.1187
holtei-die-kalkbrenner.xml,Holtei,Die Kalkbrenner,1828,107,462,4.3178,6109,17.5151,75.6261
holtei-ein-trauerspiel-in-berlin.xml,Holtei,Ein Trauerspiel in Berlin,1838,430,2204,5.1256,16637,25.846,132.4758
holz-ignorabimus.xml,Holz,Ignorabimus,1914,4785,48038,10.0393,60050,79.6836,799.9667
holz-jerschke-traumulus.xml,Holz,Traumulus,1904,529,3253,6.1493,17448,30.3187,186.4397
holz-schlaf-die-familie-selicke.xml,Holz,Die Familie Selicke,1890,681,5507,8.0866,14278,47.6958,385.6983
holz-sonnenfinsternis.xml,Holz,Sonnenfinsternis,1908,2620,25676,9.8,36682,71.4247,699.9618
holz-sozialaristokraten.xml,Holz,Sozialaristokraten,1896,627,5006,7.9841,18327,34.2118,273.1489
horvath-geschichten-aus-dem-wiener-wald.xml,Horváth,Geschichten aus dem Wiener Wald,1931,720,4397,6.1069,15967,45.093,275.3805
horvath-kasimir-und-karoline.xml,Horváth,Kasimir und Karoline,1932,401,2619,6.5312,8771,45.7188,298.5977
houwald-die-freistatt.xml,Houwald,Die Freistatt,1819,52,512,9.8462,4010,12.9676,127.6808
huber-die-torte.xml,Huber,Die Torte,1786,31,223,7.1935,1769,17.524,126.0599
iffland-das-erbtheil-des-vaters.xml,Iffland,Das Erbtheil des Vaters,1802,506,2192,4.332,20635,24.5214,106.2273
iffland-der-spieler.xml,Iffland,Der Spieler,1796,654,2562,3.9174,19689,33.2165,130.1234
iffland-die-jaeger.xml,Iffland,Die Jäger,1785,455,2075,4.5604,24120,18.864,86.0282
iffland-figaro-in-deutschland.xml,Iffland,Figaro in Deutschland,1790,885,3212,3.6294,26225,33.7464,122.4786
iffland-liebe-und-wille.xml,Iffland,Liebe und Wille,1814,34,128,3.7647,2867,11.8591,44.646
iffland-verbrechen-aus-ehrsucht.xml,Iffland,Verbrechen aus Ehrsucht,1784,412,1727,4.1917,18284,22.5334,94.4542
immermann-andreas-hofer.xml,Immermann,"Andreas Hofer, der Sandwirt von Passeier",1865,246,1025,4.1667,15955,15.4184,64.2432
immermann-das-gericht-von-st-petersburg.xml,Immermann,Das Gericht von St. Petersburg,1832,294,1602,5.449,17494,16.8058,91.5743
immermann-die-bojaren.xml,Immermann,Die Bojaren,1832,308,1546,5.0195,15093,20.4068,102.4316
immermann-eudoxia.xml,Immermann,Eudoxia,1832,60,245,4.0833,6416,9.3516,38.1858
immermann-merlin.xml,Immermann,Merlin,1832,201,884,4.398,21008,9.5678,42.0792
kaffka-der-transport.xml,Kaffka,Der Transport,1777,185,888,4.8,7736,23.9142,114.788
kafka-der-gruftwaechter.xml,Kafka,Der Gruftwächter,1936,42,213,5.0714,1499,28.0187,142.0947
kaiser-die-industrie-ausstellung.xml,Kaiser,Die Industrie-Ausstellung,1846,646,3484,5.3932,25139,25.6971,138.5894
kaiser-die-koralle.xml,Kaiser,Die Koralle,1917,444,2360,5.3153,12041,36.874,195.997
kaiser-die-schule-des-armen.xml,Kaiser,Die Schule des Armen oder Zwei Millionen,1848,515,2762,5.3631,18690,27.5548,147.7796
kaiser-stadt-und-land.xml,Kaiser,Stadt und Land oder Der Viehhändler aus Oberösterreich,1845,545,2258,4.1431,14178,38.4398,159.2608
kaltneker-das-bergwerk.xml,Kaltneker,Das Bergwerk,1921,371,2036,5.4879,9308,39.8582,218.7366
kaltneker-die-opferung.xml,Kaltneker,Die Opferung,1925,386,2641,6.842,12852,30.0342,205.4933
kannengiesser-die-vierbeinigten-philosophen.xml,Kannengießer,Die vierbeinigten Philosophen,1802,37,309,8.3514,2402,15.4038,128.6428
kind-der-freischuetz.xml,Kind,Der Freischütz,,304,2772,9.1184,8466,35.9083,327.4274
klabund-der-kreidekreis.xml,,Der Kreidekreis,1925,173,1323,7.6474,16682,10.3705,79.307
klabund-xyz.xml,,XYZ,1928,283,1754,6.1979,11582,24.4345,151.4419
kleist-amphitryon.xml,Kleist,Amphitryon,1807,104,362,3.4808,16738,6.2134,21.6274
kleist-das-kaethchen-von-heilbronn.xml,Kleist,Das Käthchen von Heilbronn oder die Feuerprobe,1810,522,2702,5.1762,20610,25.3275,131.1014
kleist-der-zerbrochene-krug.xml,Kleist,Der zerbrochne Krug,1811,112,380,3.3929,14777,7.5793,25.7156
kleist-die-familie-schroffenstein.xml,Kleist,Die Familie Schroffenstein,1803,320,1587,4.9594,20115,15.9085,78.8963
kleist-die-hermannsschlacht.xml,Kleist,Die Hermannsschlacht,1821,423,2200,5.2009,18392,22.9991,119.6172
kleist-penthesilea.xml,Kleist,Penthesilea,1808,337,1735,5.1484,21228,15.8753,81.7317
kleist-prinz-friedrich-von-homburg.xml,Kleist,Prinz Friedrich von Homburg,1821,459,2918,6.3573,13626,33.6856,214.1494
klemm-der-auf-den-parnass-versetzte-gruene-hut.xml,Klemm,Der auf den Parnaß versetzte grüne Hut,1767,65,264,4.0615,11632,5.588,22.696
klemm-der-besuch.xml,Klemm,Der Besuch,1765,18,63,3.5,3139,5.7343,20.0701
klingemann-faust.xml,Klingemann,Faust,1815,945,4574,4.8402,13536,69.8138,337.9137
klinger-das-leidende-weib.xml,Klinger,Das leidende Weib,1775,112,440,3.9286,14612,7.6649,30.1122
klinger-die-neue-arria.xml,Klinger,Die neue Arria,1776,217,743,3.424,22131,9.8053,33.5728
klinger-die-zwillinge.xml,Klinger,Die Zwillinge,1776,124,459,3.7016,16430,7.5472,27.9367
klinger-prinz-seiden-wurm-der-reformator.xml,Klinger,Prinz Seiden-Wurm der Reformator oder die Kron-Kompetenten,1780,152,882,5.8026,12478,12.1814,70.6844
klinger-simsone-grisaldo.xml,Klinger,Simsone Grisaldo,1776,239,1047,4.3808,24653,9.6946,42.4695
klinger-sturm-und-drang.xml,Klinger,Sturm und Drang,1777,251,920,3.6653,15992,15.6953,57.5288
klopstock-der-tod-abels.xml,Klopstock,Der Tod Abels,1759,43,232,5.3953,2976,14.4489,77.957
klopstock-der-tod-adams.xml,Klopstock,Der Tod Adams,1757,59,250,4.2373,6602,8.9367,37.8673
klopstock-hermanns-schlacht.xml,Klopstock,Hermanns Schlacht,1769,183,1088,5.9454,21424,8.5418,50.7842
kobell-der-roaga.xml,Kobell,Der Roaga [Reiher],1868,73,480,6.5753,3239,22.5378,148.1939
koch-die-maennerfeindin.xml,Koch,Die Männerfeindin,1803,150,507,3.38,7251,20.6868,69.9214
koerner-die-blumen.xml,Körner,Die Blumen,,7,48,6.8571,1256,5.5732,38.2166
koerner-die-braut.xml,Körner,Die Braut,1813,62,206,3.3226,4650,13.3333,44.3011
koerner-zriny.xml,Körner,Zriny,1814,157,793,5.051,19105,8.2177,41.5075
koller-der-zauberstein.xml,Koller,Der Zauberstein,1804,82,301,3.6707,4762,17.2197,63.2087
kotzebue-blind-geladen.xml,Kotzebue,Blind geladen,1811,95,371,3.9053,5758,16.4988,64.4321
kotzebue-das-kind-der-liebe.xml,Kotzebue,Das Kind der Liebe,1791,384,1988,5.1771,24741,15.5208,80.3525
kotzebue-das-koestlichste.xml,Kotzebue,Das Köstlichste,1806,31,93,3.0,3597,8.6183,25.8549
kotzebue-das-posthaus-in-treuenbrietzen.xml,Kotzebue,Das Posthaus in Treuenbrietzen,1808,146,425,2.911,5867,24.8849,72.4391
kotzebue-das-unsichtbare-maedchen.xml,Kotzebue,Das unsichtbare Mädchen,1812,17,81,4.7647,3064,5.5483,26.436
kotzebue-der-arme-poet.xml,Kotzebue,Der arme Poet,1813,66,288,4.3636,5635,11.7125,51.1091
kotzebue-der-freimaurer.xml,Kotzebue,Der Freimaurer,1818,31,72,2.3226,4132,7.5024,17.425
kotzebue-der-hyperboreische-esel.xml,Kotzebue,"Der Hyperboreische Esel, oder Die heutige Bildung",1799,62,241,3.8871,6599,9.3954,36.5207
kotzebue-der-schutzgeist.xml,Kotzebue,Der Schutzgeist,1814,235,1773,7.5447,21994,10.6847,80.6129
kotzebue-der-verschwiegene-wider-willen.xml,Kotzebue,"Der Verschwiegene wider Willen, oder die Fahrt von Berlin nach
          Potsdam",1816,150,489,3.26,6182,24.264,79.1006
kotzebue-der-weibliche-jacobiner-clubb.xml,Kotzebue,Der weibliche Jacobiner-Clubb,1792,76,493,6.4868,6648,11.432,74.1576
kotzebue-der-wirrwarr.xml,Kotzebue,"Der Wirrwarr, oder der Muthwillige",1803,332,1605,4.8343,15691,21.1586,102.2879
kotzebue-die-alten-liebschaften.xml,Kotzebue,Die alten Liebschaften,1812,55,177,3.2182,4637,11.8611,38.1712
kotzebue-die-beiden-klingsberg.xml,Kotzebue,Die beiden Klingsberg,1801,384,1518,3.9531,17547,21.8841,86.5105
kotzebue-die-deutschen-kleinstaedter.xml,Kotzebue,Die deutschen Kleinstädter,1803,283,1057,3.735,15295,18.5028,69.1076
kotzebue-die-indianer-in-england.xml,Kotzebue,Die Indianer in England,1790,400,1890,4.725,20439,19.5704,92.4703
kotzebue-die-spanier-in-peru.xml,Kotzebue,"Die Spanier in Peru, oder: Rollas Tod",1796,385,1866,4.8468,19084,20.174,97.7782
kotzebue-graf-benjowsky.xml,Kotzebue,"Graf Benjowsky, oder: die Verschwörung auf Kamtschatka",1795,601,2908,4.8386,20432,29.4146,142.3258
kotzebue-maedchenfreundschaft.xml,Kotzebue,"Mädchenfreundschaft, oder der türkische Gesandte",1805,96,484,5.0417,3634,26.4172,133.1866
kotzebue-menschenhass-und-reue.xml,Kotzebue,Menschenhaß und Reue,1790,314,1753,5.5828,21612,14.529,81.1123
kotzebue-pagenstreiche.xml,Kotzebue,Pagenstreiche,1804,434,2351,5.4171,19052,22.7798,123.3991
kotzebue-sultan-wampum.xml,Kotzebue,"Sultan Wampum, oder: die Wünsche",1794,209,1060,5.0718,11703,17.8587,90.5751
kotzebue-ueble-laune.xml,Kotzebue,Üble Laune,1799,391,1831,4.6829,18534,21.0964,98.7914
kotzebue-wer-weiss-wozu-das-gut-ist.xml,Kotzebue,Wer weiß wozu das gut ist,1815,87,313,3.5977,6475,13.4363,48.3398
kraus-die-letzten-tage-der-menschheit.xml,Kraus,Die letzten Tage der Menschheit,1919,2209,14977,6.78,158372,13.9482,94.5685
kraus-traumstueck.xml,Kraus,Traumstück,1923,17,149,8.7647,2713,6.2661,54.9208
krueger-die-candidaten.xml,Krüger,Die Candidaten oder Die Mittel zu einem Amte zu gelangen,1748,219,792,3.6164,23277,9.4084,34.025
krueger-die-geistlichen-auf-dem-lande.xml,Krüger,Die Geistlichen auf dem Lande,1743,196,773,3.9439,23567,8.3167,32.8001
kupelwieser-fierrabras.xml,Kupelwieser,Fierrabras,,261,2138,8.1916,4184,62.3805,510.9943
kurz-prinzessin-pumphia.xml,Kurz,Prinzessin Pumphia,1767,276,2759,9.9964,8512,32.4248,324.1306
lachmann-salome.xml,Lachmann,Salome,1905,101,474,4.6931,5454,18.5185,86.9087
laddey-maentelchen-nach-dem-winde.xml,Laddey,Mäntelchen nach dem Winde,1871,150,607,4.0467,8276,18.1247,73.3446
larronge-hasemanns-toechter.xml,L'Arronge,Hasemann's Töchter,1879,581,2671,4.5972,20603,28.1998,129.6413
larronge-mein-leopold.xml,L'Arronge,Mein Leopold,1876,789,4287,5.4335,19197,41.1002,223.3161
lasker-schueler-die-wupper.xml,Lasker-Schüler,Die Wupper,1909,695,6019,8.6604,9766,71.1653,616.3219
lassalle-franz-von-sickingen.xml,Lassalle,Franz von Sickingen,1859,604,4154,6.8775,37754,15.9983,110.0281
laube-die-karlsschueler.xml,Laube,Die Karlsschüler,1846,700,4797,6.8529,38298,18.2777,125.2546
laube-gottsched-und-gellert.xml,Laube,Gottsched und Gellert,1846,875,6515,7.4457,35316,24.7763,184.4773
laube-monaldeschi.xml,Laube,Monaldeschi,1845,513,3453,6.731,38229,13.4191,90.3241
laube-struensee.xml,Laube,Struensee,1846,492,4557,9.2622,27940,17.6092,163.0995
laufs-jacoby-pension-schoeller.xml,Laufs,Pension Schöller,1890,508,1968,3.874,13237,38.3773,148.6742
lautensack-die-pfarrhauskomoedie.xml,Lautensack,Die Pfarrhauskomödie,1911,518,3863,7.4575,7873,65.7945,490.6643
lautensack-hahnenkampf.xml,Lautensack,Hahnenkampf,1908,467,2832,6.0642,8702,53.6658,325.4424
lautensack-medusa.xml,Lautensack,Medusa,1904,173,1025,5.9249,4342,39.8434,236.0663
lawaetz-die-diamanten.xml,Lawätz,Die Diamanten,1793,327,1407,4.3028,9972,32.7918,141.0951
leisewitz-der-besuch-um-mitternacht.xml,Leisewitz,Der Besuch um Mitternacht,1774,6,35,5.8333,404,14.8515,86.6337
leisewitz-die-pfandung.xml,Leisewitz,Die Pfandung,1774,5,22,4.4,341,14.6628,64.5161
leisewitz-julius-von-tarent.xml,Leisewitz,Julius von Tarent,1776,189,859,4.545,16043,11.7808,53.5436
lenz-der-englaender.xml,Lenz,Der Engländer,1777,131,929,7.0916,5185,25.2652,179.1707
lenz-der-hofmeister.xml,Lenz,Der Hofmeister oder Vorteile der Privaterziehung,1774,315,1678,5.327,23218,13.5671,72.2715
lenz-der-neue-menoza.xml,Lenz,Der neue Menoza oder Geschichte des cumbanischen Prinzen Tandi,1774,298,1414,4.745,16406,18.1641,86.188
lenz-die-freunde-machen-den-philosophen.xml,Lenz,Die Freunde machen den Philosophen,1775,252,1501,5.9563,10905,23.1087,137.6433
lenz-die-soldaten.xml,Lenz,Die Soldaten,1776,420,2547,6.0643,13445,31.2384,189.4385
lenz-pandaemonium-germanicum.xml,Lenz,Pandämonium Germanicum,1819,143,1916,13.3986,4997,28.6172,383.4301
lessing-damon.xml,Lessing,"Damon, oder die wahre Freundschaft",1747,7,19,2.7143,7386,0.9477,2.5724
lessing-der-freigeist.xml,Lessing,Der Freigeist,1755,130,475,3.6538,20343,6.3904,23.3496
lessing-der-junge-gelehrte.xml,Lessing,Der junge Gelehrte,1754,136,569,4.1838,24883,5.4656,22.867
lessing-der-misogyn.xml,Lessing,Der Misogyn,1755,85,346,4.0706,12369,6.872,27.9732
lessing-der-schatz.xml,Lessing,Der Schatz,1755,66,273,4.1364,11602,5.6887,23.5304
lessing-die-alte-jungfer.xml,Lessing,Die alte Jungfer,1749,61,302,4.9508,9288,6.5676,32.5151
lessing-die-juden.xml,Lessing,Die Juden,1754,84,396,4.7143,9755,8.611,40.5946
lessing-emilia-galotti.xml,Lessing,Emilia Galotti,1772,246,1331,5.4106,19342,12.7184,68.814
lessing-minna-von-barnhelm.xml,Lessing,"Minna von Barnhelm, oder das Soldatenglück",1767,317,1664,5.2492,23551,13.4602,70.6552
lessing-miss-sara-sampson.xml,Lessing,Miß Sara Sampson,1755,191,807,4.2251,25395,7.5212,31.7779
lessing-nathan-der-weise.xml,Lessing,Nathan der Weise,1779,172,932,5.4186,27899,6.1651,33.4062
lessing-philotas.xml,Lessing,Philotas,1759,20,84,4.2,6876,2.9087,12.2164
lieberkuehn-die-lissabonner.xml,Lieberkühn,Die Lissabonner,1758,34,122,3.5882,8497,4.0014,14.358
lortzing-der-waffenschmied.xml,Lortzing,Der Waffenschmied,,349,1289,3.6934,11173,31.236,115.3674
lortzing-der-wildschuetz.xml,Lortzing,Der Wildschütz oder Die Stimme der Natur,,449,1937,4.314,15053,29.8279,128.6787
lortzing-zar-und-zimmermann.xml,Lortzing,Zar und Zimmermann,1891,457,1889,4.1335,13217,34.5767,142.922
ludwig-der-erbfoerster.xml,Ludwig,Der Erbförster,1853,633,3442,5.4376,21975,28.8055,156.6325
ludwig-die-makkabaeer.xml,Ludwig,Die Makkabäer,1854,365,2685,7.3562,16810,21.7133,159.7264
maler-mueller-fausts-leben-dramatisiert.xml,Müller,Fausts Leben dramatisiert,1778,218,998,4.578,23507,9.2738,42.4554
maler-mueller-golo-und-genovefa.xml,Müller,Golo und Genovefa,1811,617,2129,3.4506,42750,14.4327,49.8012
malss-der-alte-buerger-capitain.xml,Malß,Der alte Bürger-Capitain oder Die Entführung,1820,169,856,5.0651,13318,12.6896,64.2739
malss-die-jungfern-koechinnen.xml,Malß,Die Jungfern Köchinnen,1836,186,950,5.1075,8319,22.3585,114.1964
martini-rhynsolt-und-sapphira.xml,Martini,Rhynsolt und Sapphira,1755,85,358,4.2118,5782,14.7008,61.9163
may-babel-und-bibel.xml,May,Babel und Bibel,1906,899,9167,10.1969,17462,51.4832,524.9685
meisl-der-lustige-fritz.xml,Meisl,"Der lustige Fritz oder Schlafe, Träume, stehe auf, kleide dich an und
          bessre dich!",1819,155,1167,7.529,12958,11.9617,90.0602
meisl-orpheus-und-euridice.xml,Meisl,Orpheus und Euridice oder So geht es im Olymp zu!,1813,134,573,4.2761,12844,10.4329,44.6123
moeller-der-graf-von-walltron-oder-die-subordination.xml,Möller,"Der Graf von Walltron, oder die Subordination",1776,281,2295,8.1673,19148,14.6752,119.8559
moeller-sophie-oder-der-gerechte-fuerst.xml,Möller,"Sophie, oder der gerechte Fürst",1777,299,2499,8.3579,14604,20.4738,171.1175
moeser-die-tugend-auf-der-schaubuehne.xml,Möser,Die Tugend auf der Schaubühne; oder: Harlekin's Heirath,1798,46,257,5.587,6455,7.1263,39.8141
moritz-blunt-oder-der-gast.xml,Moritz,Blunt oder der Gast,1781,64,370,5.7812,5912,10.8254,62.5846
mosenthal-das-goldene-kreuz.xml,Mosenthal,Das goldene Kreuz,,200,1154,5.77,7758,25.7798,148.7497
mosenthal-die-koenigin-von-saba.xml,Mosenthal,Die Königin von Saba,,229,2422,10.5764,4417,51.8451,548.336
mosenthal-die-lustigen-weiber-von-windsor.xml,Mosenthal,Die lustigen Weiber von Windsor,,451,2301,5.102,9018,50.0111,255.1564
moser-das-stiftungsfest.xml,Moser,Das Stiftungsfest,1862,689,2433,3.5312,17056,40.3963,142.6477
moser-krieg-oder-frieden.xml,Moser,Krieg oder Frieden?,1859,177,609,3.4407,4529,39.0815,134.4668
muehsam-judas.xml,Mühsam,Judas,1921,492,4044,8.2195,27510,17.8844,147.0011
muehsam-staatsraeson.xml,Mühsam,Staatsräson,1928,250,1290,5.16,22677,11.0244,56.8858
muellner-der-neun-und-zwanzigste-februar.xml,Müllner,Der neun und zwanzigste Februar,1815,162,785,4.8457,7390,21.9215,106.2246
muellner-die-schuld.xml,Müllner,Die Schuld,1816,422,2269,5.3768,13119,32.1671,172.9553
muellner-koenig-yngurd.xml,Müllner,König Yngurd,1817,468,3673,7.8483,25151,18.6076,146.0379
musil-die-schwaermer.xml,Musil,Die Schwärmer,1921,601,4373,7.2762,32257,18.6316,135.5675
mylius-die-schaeferinsel.xml,Mylius,Die Schäferinsel,1749,142,507,3.5704,10930,12.9918,46.3861
nestroy-das-haus-der-temperamente.xml,Nestroy,Das Haus der Temperamente,1891,1890,6974,3.6899,21678,87.1852,321.7086
nestroy-das-maedl-aus-der-vorstadt.xml,Nestroy,Das Mädl aus der Vorstadt oder Ehrlich währt am längsten,1845,611,2561,4.1915,16738,36.5038,153.0051
nestroy-der-boese-geist-lumpazivagabundus.xml,Nestroy,Der böse Geist Lumpazivagabundus oder Das liederliche Kleeblatt,1835,418,2038,4.8756,11376,36.744,179.1491
nestroy-der-talisman.xml,Nestroy,Der Talisman,1843,631,2860,4.5325,16727,37.7234,170.981
nestroy-der-unbedeutende.xml,Nestroy,Der Unbedeutende,1849,705,3588,5.0894,14996,47.0125,239.2638
nestroy-der-zerrissene.xml,Nestroy,Der Zerrissene,1845,589,3165,5.3735,13278,44.3591,238.3642
nestroy-einen-jux-will-er-sich-machen.xml,Nestroy,Einen Jux will er sich machen,1844,789,4251,5.3878,16260,48.524,261.4391
nestroy-eulenspiegel.xml,Nestroy,Eulenspiegel oder Schabernack über Schabernack,1839,676,3132,4.6331,13086,51.6583,239.3398
nestroy-freiheit-in-kraehwinkel.xml,Nestroy,Freiheit in Krähwinkel,1849,436,2304,5.2844,11307,38.5602,203.7676
nestroy-judith-und-holofernes.xml,Nestroy,Judith und Holofernes,1891,184,1002,5.4457,5195,35.4187,192.8778
nestroy-zu-ebener-erde-und-erster-stock.xml,Nestroy,Zu ebener Erde und erster Stock oder Die Launen des Glückes,1838,821,3922,4.7771,15457,53.1151,253.7362
neuber-das-schaeferfest.xml,Neuber,Das Schäferfest oder Die Herbstfreude,1754,163,756,4.638,19244,8.4702,39.285
neuber-die-beschuetzte-schauspielkunst.xml,Neuber,"Die von der Weisheit wider die Unwissenheit beschützte
          Schauspielkunst",1736,28,105,3.75,6253,4.4779,16.7919
neuber-die-verehrung-der-vollkommenheit.xml,Neuber,"Die Verehrung der Vollkommenheit durch die gebesserten deutschen
          Schauspiele",1737,27,446,16.5185,5701,4.736,78.2319
neuber-ein-deutsches-vorspiel.xml,Neuber,Ein Deutsches Vorspiel,1734,33,255,7.7273,5304,6.2217,48.0769
niebergall-datterich.xml,Niebergall,Datterich,1841,492,1704,3.4634,16468,29.8761,103.4734
panizza-das-liebeskonzil.xml,Panizza,Das Liebeskonzil,1895,516,6883,13.3391,9148,56.4058,752.4049
panizza-nero.xml,Panizza,Nero,1898,807,8655,10.7249,21059,38.3209,410.9882
pappenheim-frauenrecht.xml,Pappenheim,Frauenrecht,1899,98,1021,10.4184,5930,16.5261,172.1754
pelzel-apolls-gericht-oder-das-bestrafte-vorurtheil-vindebonens.xml,Pelzel,"Apolls Gericht, oder das bestrafte Vorurtheil Vindebonens",1769,28,184,6.5714,3299,8.4874,55.7745
pfeffel-serena.xml,Pfeffel,Serena,1764,42,297,7.0714,5011,8.3816,59.2696
pfeffel-vorspiel-ueber-die-buergerliche-tragoedie.xml,Pfeffel,Vorspiel über die Bürgerliche Tragödie,1764,4,19,4.75,2790,1.4337,6.81
pfeil-lucie-woodvil.xml,Pfeil,Lucie Woodvil,1756,141,519,3.6809,26640,5.2928,19.482
platen-berengar.xml,Platen,Berengar,1824,44,152,3.4545,3442,12.7833,44.1604
platen-der-romantische-oedipus.xml,Platen,Der romantische Ödipus,1829,83,370,4.4578,13982,5.9362,26.4626
platen-die-verhaengnisvolle-gabel.xml,Platen,Die verhängnisvolle Gabel,1826,75,241,3.2133,12892,5.8176,18.6938
preusse-herzmutterchen.xml,Preusse,Herzmutterchen!,1847,310,1159,3.7387,8050,38.5093,143.9752
prutz-die-politische-wochenstube.xml,Prutz,Die politische Wochenstube,1845,138,530,3.8406,16573,8.3268,31.9797
quistorp-der-hypochondrist.xml,Quistorp,Der Hypochondrist,1745,382,1641,4.2958,21278,17.9528,77.1219
rache-belsazar.xml,Raché,Belsazar,1904,141,875,6.2057,3139,44.9188,278.7512
raimund-das-maedchen-aus-der-feenwelt.xml,Raimund,Das Mädchen aus der Feenwelt oder Der Bauer als Millionär,1837,423,3894,9.2057,14650,28.8737,265.802
raimund-der-alpenkoenig-und-der-menschenfeind.xml,Raimund,Der Alpenkönig und der Menschenfeind,1828,555,2860,5.1532,18209,30.4794,157.0652
raimund-der-barometermacher-auf-der-zauberinsel.xml,Raimund,Der Barometermacher auf der Zauberinsel,1837,310,1938,6.2516,11630,26.6552,166.638
raimund-der-diamant-des-geisterkoenigs.xml,Raimund,Der Diamant des Geisterkönigs,1837,348,2864,8.2299,13458,25.8582,212.8102
raimund-der-verschwender.xml,Raimund,Der Verschwender,1837,573,3463,6.0436,18823,30.4415,183.977
raimund-die-gefesselte-phantasie.xml,Raimund,Die gefesselte Phantasie,1837,330,1618,4.903,12550,26.2948,128.9243
raimund-die-unheilbringende-zauberkrone.xml,Raimund,"Die unheilbringende Zauberkrone oder König ohne Reich, Held ohne Mut,
          Schönheit ohne Jugend",1837,541,3830,7.0795,18468,29.2939,207.3857
raimund-moisasurs-zauberfluch.xml,Raimund,Moisasurs Zauberfluch,1837,355,2552,7.1887,13729,25.8577,185.8839
rambach-die-kuhpocken.xml,Rambach,Die Kuhpocken,1802,116,546,4.7069,7169,16.1808,76.1612
raupach-agnes-von-hohenstaufen.xml,Raupach,Agnes von Hohenstaufen,1837,241,1431,5.9378,6376,37.798,224.4354
raupach-der-bettler.xml,Raupach,Der Bettler,1832,151,763,5.053,5963,25.3228,127.9557
raupach-der-degen.xml,Raupach,Der Degen,1831,227,1570,6.9163,4890,46.4213,321.0634
raupach-der-platzregen-als-eheprokurator.xml,Raupach,Der Platzregen als Eheprokurator,1830,131,727,5.5496,5794,22.6096,125.4746
raupach-der-versiegelte-burgemeister.xml,Raupach,Der versiegelte Burgemeister,1829,143,903,6.3147,5058,28.272,178.5291
raupach-kritik-und-antikritik.xml,Raupach,Kritik und Antikritik,1827,244,1116,4.5738,14777,16.5121,75.5228
reil-der-erste-may.xml,Reil,Der erste May oder der reiche Poet,1816,97,477,4.9175,5454,17.7851,87.4587
reinhardt-die-braut-des-echos.xml,Reinhardt,Die Braut des Echo's,1835,109,554,5.0826,2904,37.5344,190.7713
reinick-genoveva.xml,Reinick,Genoveva,,20,42,2.1,5514,3.6271,7.617
reuter-der-ehrlichen-frau-schlampampe-krankheit-und-tod.xml,Reuter,"La Maladie & la mort de l'honnéte Femme. Das ist: Der ehrlichen Frau
          Schlampampe Krankheit und Tod",1696,126,542,4.3016,13221,9.5303,40.9954
reuter-graf-ehrenfried.xml,Reuter,Graf Ehrenfried,1700,189,1237,6.545,19961,9.4685,61.9708
reuter-l-honnete-femme-oder-die-ehrliche-frau-zu-plissine.xml,Reuter,L'Honnéte Femme oder die ehrliche Frau zu Plißine,1695,109,485,4.4495,10203,10.6831,47.535
richter-eumenides-duester.xml,Richter,Eumenides Düster,1819,82,513,6.2561,4789,17.1226,107.1205
riese-martha.xml,Riese,Martha oder Der Markt zu Richmond,,223,709,3.1794,6948,32.0956,102.0438
rilke-ohne-gegenwart.xml,Rilke,Ohne Gegenwart,1898,306,1562,5.1046,6454,47.4125,242.0205
roeber-koenig-manfred.xml,Roeber,König Manfred,,7,18,2.5714,5945,1.1775,3.0278
rosenow-die-im-schatten-leben.xml,Rosenow,Die im Schatten leben,1912,727,5105,7.022,21895,33.2039,233.1583
rosenow-kater-lampe.xml,Rosenow,Kater Lampe,1906,576,4767,8.276,16433,35.0514,290.087
rubiner-die-gewaltlosen.xml,Rubiner,Die Gewaltlosen,1919,330,1878,5.6909,22267,14.8201,84.3401
ruederer-die-fahnenweihe.xml,Ruederer,Die Fahnenweihe,1895,918,5955,6.4869,20721,44.3029,287.3896
sachs-das-kaelberbrueten.xml,Sachs,Das Kälberbrüten,,27,209,7.7407,2212,12.2061,94.4846
sachs-ein-comedi-von-dem-reichen-sterbenden-menschen-der-hecastus-genannt.xml,Sachs,"Ein comedi von dem reichen sterbenden menschen, der Hecastus
          genannt",1560,340,689,2.0265,7968,42.6707,86.4709
sachs-eulenspiegel-mit-dem-blauen-hosentuch.xml,Sachs,Eulenspiegel mit dem blauen Hosentuch u. dem Bauern,,22,137,6.2273,2054,10.7108,66.6991
sander-die-hoftrauer-oder-das-testament.xml,Sander,"Die Hoftrauer, oder das Testament",1794,82,346,4.2195,7406,11.0721,46.7189
schaefer-faustine-der-weibliche-faust.xml,Schaefer,"Faustine, der weibliche Faust",1898,221,1385,6.267,19210,11.5044,72.0979
scheerbart-das-dumme-luder.xml,Scheerbart,Das dumme Luder,1904,9,23,2.5556,461,19.5228,49.8915
scheerbart-das-gift.xml,Scheerbart,Das Gift,1904,24,252,10.5,1123,21.3713,224.3989
scheerbart-das-mirakel.xml,Scheerbart,Das Mirakel,1904,10,79,7.9,2878,3.4746,27.4496
scheerbart-der-alte-petrus.xml,Scheerbart,Der alte Petrus oder Im Himmel spukt es auch,1904,41,518,12.6341,980,41.8367,528.5714
scheerbart-der-fanatische-buergermeister.xml,Scheerbart,Der fanatische Bürgermeister,1904,96,1062,11.0625,3341,28.7339,317.8689
scheerbart-der-herr-vom-jenseits.xml,Scheerbart,Der Herr vom Jenseits,1904,44,370,8.4091,2548,17.2684,145.2119
scheerbart-der-regierungswechsel.xml,Scheerbart,Der Regierungswechsel,1897,46,626,13.6087,1236,37.2168,506.4725
scheerbart-der-schornsteinfeger.xml,Scheerbart,Der Schornsteinfeger,1904,28,225,8.0357,744,37.6344,302.4194
scheerbart-der-vornehme-raeuberhauptmann.xml,Scheerbart,Der vornehme Räuberhauptmann,1904,37,426,11.5135,844,43.8389,504.7393
scheerbart-der-wetterfuerst.xml,Scheerbart,Der Wetterfürst,1904,19,296,15.5789,371,51.2129,797.8437
scheerbart-die-lustigen-raeuber.xml,Scheerbart,Die lustigen Räuber,1904,68,761,11.1912,1754,38.7685,433.8655
scheerbart-die-puppe-und-die-dauerwurst.xml,Scheerbart,Die Puppe und die Dauerwurst,1897,25,391,15.64,822,30.4136,475.6691
scheerbart-die-urgrossmutter.xml,Scheerbart,Die Urgrossmutter,1904,10,73,7.3,737,13.5685,99.0502
scheerbart-die-welt-geht-unter.xml,Scheerbart,Die Welt geht unter!,1904,16,449,28.0625,334,47.9042,1344.3114
scheerbart-die-wurzeln-der-wohlhabenheit.xml,Scheerbart,Die Wurzeln der Wohlhabenheit,1904,66,910,13.7879,1585,41.6404,574.1325
scheerbart-es-lebe-europa.xml,Scheerbart,Es lebe Europa!,1904,32,436,13.625,1079,29.6571,404.0778
scheerbart-herr-kammerdiener-kneetschke.xml,Scheerbart,Herr Kammerdiener Kneetschke,1904,84,940,11.1905,1954,42.9887,481.0645
scheerbart-lachende-gespenster.xml,Scheerbart,Lachende Gespenster,1904,47,360,7.6596,1528,30.7592,235.6021
scheerbart-okurirasuna.xml,Scheerbart,Okurirasûna,1904,138,1958,14.1884,4126,33.4464,474.5516
scheerbart-ruebezahl.xml,Scheerbart,Rübezahl,1904,351,3876,11.0427,11039,31.7964,351.1188
schikaneder-die-zauberfloete.xml,Schikaneder,Die Zauberflöte,,335,2176,6.4955,9874,33.9275,220.3767
schildbach-glueck-durch-unglueck.xml,Schildbach,Glück durch Unglück,1808,103,458,4.4466,5298,19.4413,86.4477
schiller-die-braut-von-messina.xml,Schiller,Die Braut von Messina oder Die feindlichen Brüder,1803,184,1410,7.663,21662,8.4941,65.0909
schiller-die-jungfrau-von-orleans.xml,Schiller,Die Jungfrau von Orleans,1801,392,3073,7.8393,24583,15.946,125.0051
schiller-die-piccolomini.xml,Schiller,Die Piccolomini,1800,284,1753,6.1725,18673,15.2091,93.8789
schiller-die-raeuber.xml,Schiller,Die Räuber,1781,544,2279,4.1893,38182,14.2476,59.6878
schiller-die-verschwoerung-des-fiesco-zu-genua.xml,Schiller,Die Verschwörung des Fiesco zu Genua,1783,919,3981,4.3319,26392,34.8212,150.8412
schiller-don-carlos-infant-von-spanien.xml,Schiller,"Don Carlos, Infant von Spanien",1787,750,6090,8.12,36195,20.7211,168.2553
schiller-kabale-und-liebe.xml,Schiller,Kabale und Liebe,1784,684,4067,5.9459,27211,25.1369,149.4616
schiller-maria-stuart.xml,Schiller,Maria Stuart,1801,313,2218,7.0863,27238,11.4913,81.4304
schiller-wallensteins-lager.xml,Schiller,Wallensteins Lager,1800,75,406,5.4133,7991,9.3856,50.8072
schiller-wallensteins-tod.xml,Schiller,Wallensteins Tod,1800,464,2711,5.8427,27351,16.9646,99.1189
schiller-wilhelm-tell.xml,Schiller,Wilhelm Tell,1804,412,3045,7.3908,23593,17.4628,129.0637
schink-der-neue-doktor-faust.xml,Schink,Der neue Doktor Faust,1782,81,432,5.3333,4899,16.534,88.1813
schink-hanswurst-von-salzburg-mit-dem-hoelzernen-gat.xml,Schink,Hanswurst von Salzburg mit dem hölzernen Gat,1778,117,1050,8.9744,14875,7.8655,70.5882
schlaf-meister-oelze.xml,Schlaf,Meister Oelze,1892,731,4047,5.5363,15392,47.4922,262.9288
schlegel-alarcos.xml,Schlegel,Alarcos,1802,42,230,5.4762,10024,4.1899,22.9449
schlegel-canut.xml,Schlegel,Canut,1746,23,63,2.7391,15054,1.5278,4.1849
schlegel-der-geschaeftige-muessiggaenger.xml,Schlegel,Der geschäftige Müssiggänger,1743,44,150,3.4091,21624,2.0348,6.9367
schlegel-der-triumph-der-guten-frauen.xml,Schlegel,Der Triumph der guten Frauen,1748,86,236,2.7442,19614,4.3846,12.0322
schlegel-die-entfuehrte-dose.xml,Schlegel,Die entführte Dose,1762,4,11,2.75,2134,1.8744,5.1546
schlegel-die-stumme-schoenheit.xml,Schlegel,Die stumme Schönheit,1747,44,165,3.75,6975,6.3082,23.6559
schlegel-dueval-und-charmille.xml,Schlegel,Düval und Charmille,1778,308,1787,5.8019,10237,30.0869,174.5629
schlegel-jon.xml,Schlegel,Jon,1803,44,276,6.2727,16067,2.7385,17.1781
schlosser-die-maskerade.xml,Schlosser,Die Maskerade,1767,84,954,11.3571,6288,13.3588,151.7176
schnitzer-der-zigeunerbaron.xml,Schnitzer,Der Zigeunerbaron,,152,333,2.1908,7019,21.6555,47.4427
schnitzler-anatol.xml,Schnitzler,Anatol,1893,348,1828,5.2529,19036,18.2812,96.0286
schnitzler-anatols-groessenwahn.xml,Schnitzler,Anatols Größenwahn,1955,38,298,7.8421,4375,8.6857,68.1143
schnitzler-das-weite-land.xml,Schnitzler,Das weite Land,1910,583,3768,6.4631,27105,21.5089,139.0149
schnitzler-der-einsame-weg.xml,Schnitzler,Der einsame Weg,1904,322,1848,5.7391,21108,15.2549,87.5497
schnitzler-der-gruene-kakadu.xml,Schnitzler,Der grüne Kakadu,1899,233,1130,4.8498,9560,24.3724,118.2008
schnitzler-der-puppenspieler.xml,Schnitzler,Der Puppenspieler,1906,85,423,4.9765,4628,18.3665,91.4002
schnitzler-der-tapfere-cassian.xml,Schnitzler,Der tapfere Cassian,1906,60,315,5.25,4130,14.5278,76.2712
schnitzler-die-frau-mit-dem-dolche.xml,Schnitzler,Die Frau mit dem Dolche,1902,83,704,8.4819,3593,23.1005,195.9365
schnitzler-die-letzten-masken.xml,Schnitzler,Die letzten Masken,1902,110,609,5.5364,4669,23.5596,130.4348
schnitzler-komoedie-der-verfuehrung.xml,Schnitzler,Komödie der Verführung,1924,848,4954,5.842,33149,25.5815,149.4464
schnitzler-komtesse-mizzi.xml,Schnitzler,Komtesse Mizzi oder Der Familientag,1909,143,739,5.1678,8810,16.2316,83.882
schnitzler-lebendige-stunden.xml,Schnitzler,Lebendige Stunden,1902,69,352,5.1014,3807,18.1245,92.4613
schnitzler-liebelei.xml,Schnitzler,Liebelei,1896,450,2339,5.1978,12363,36.3989,189.1936
schnitzler-literatur.xml,Schnitzler,Literatur,1902,76,307,4.0395,6390,11.8936,48.0438
schnitzler-professor-bernhardi.xml,Schnitzler,Professor Bernhardi,1912,520,2721,5.2327,33158,15.6825,82.0616
schnitzler-reigen.xml,Schnitzler,Reigen,1903,309,2408,7.7929,14446,21.39,166.6897
schnitzler-zum-grossen-wurstel.xml,Schnitzler,Zum grossen Wurstel,1906,135,1270,9.4074,3628,37.2106,350.0551
schober-alfonso-und-estrella.xml,Schober,Alfonso und Estrella,,146,880,6.0274,4658,31.3439,188.9223
schoenherr-der-weibsteufel.xml,Schönherr,Der Weibsteufel,1914,964,5786,6.0021,15377,62.691,376.2763
schoenthan-der-raub-der-sabinerinnen.xml,Schönthan,Der Raub der Sabinerinnen,1885,821,3513,4.2789,19313,42.5102,181.8982
schouwaert-die-ueberschwemmung.xml,Schouwärt,Die Überschwemmung,1784,209,663,3.1722,19224,10.8718,34.4881
schrader-der-hohlweg.xml,Schrader,Der Hohlweg,1843,113,492,4.354,7974,14.1711,61.7005
schroeder-der-vetter-in-lissabon.xml,Schröder,Der Vetter in Lissabon,1786,288,1076,3.7361,10634,27.0829,101.1849
schuetz-die-katze-laesst-das-mausen-nicht.xml,Schütz,Die Katze läßt das Mausen nicht,1801,66,255,3.8636,3733,17.6802,68.3097
seemann-dulk-die-waende.xml,Seemann,Die Wände,1848,80,402,5.025,4998,16.0064,80.4322
sessa-unser-verkehr.xml,Sessa,Unser Verkehr,1815,232,847,3.6509,6798,34.1277,124.5955
seume-miltiades.xml,Seume,Miltiades,1808,76,409,5.3816,13885,5.4735,29.4562
sievers-die-schatzgraeber.xml,Sievers,Die Schatzgräber,1807,112,772,6.8929,6835,16.3862,112.9481
simrock-doctor-johannes-faust.xml,Simrock,Doctor Johannes Faust,1846,156,957,6.1346,9708,16.0692,98.5785
soden-doktor-faust.xml,Soden,Doktor Faust,1797,275,1020,3.7091,18562,14.8152,54.951
solbrig-die-dorfschule.xml,Solbrig,Die Dorfschule,1819,92,264,2.8696,3150,29.2063,83.8095
sonnleithner-dir-wie-mir.xml,Sonnleithner,Dir wie mir,1812,124,298,2.4032,5058,24.5156,58.9166
sonnleithner-fidelio.xml,Sonnleithner,Fidelio,,305,1833,6.0098,6433,47.4118,284.937
sorge-der-bettler.xml,Sorge,Der Bettler,1912,446,4456,9.991,15555,28.6725,286.4674
sorge-der-sieg-des-christos.xml,Sorge,Der Sieg des Christos,1924,321,3169,9.8723,16024,20.0325,197.7659
sorge-odysseus.xml,Sorge,Odysseus,1925,193,3680,19.0674,4428,43.5863,831.075
spiess-klara-von-hoheneichen.xml,Spieß,Klara von Hoheneichen,1790,370,1825,4.9324,20877,17.7229,87.4168
stavenhagen-mudder-mews.xml,Stavenhagen,Mudder Mews,1904,710,5021,7.0718,17123,41.4647,293.2313
steltzer-franziska-montenegro.xml,Steltzer,Franziska Montenegro,1781,221,1075,4.8643,14011,15.7733,76.7254
stephanie-der-schauspieldirektor.xml,Stephanie,Der Schauspieldirektor,,129,470,3.6434,6820,18.915,68.915
stephanie-die-entfuehrung-aus-dem-serail.xml,Stephanie,Die Entführung aus dem Serail,,187,1028,5.4973,8223,22.7411,125.0152
stephanie-die-liebe-im-narrenhause.xml,Stephanie,Die Liebe im Narrenhause,,402,2019,5.0224,11950,33.6402,168.954
stephanie-doktor-und-apotheker.xml,Stephanie,Doktor und Apotheker,,717,3928,5.4784,14558,49.2513,269.8173
sternheim-der-snob.xml,Sternheim,Der Snob,1914,219,999,4.5616,10524,20.8096,94.9259
stramm-die-haidebraut.xml,Stramm,Die Haidebraut,1914,202,1312,6.495,1439,140.3753,911.7443
stramm-erwachen.xml,Stramm,Erwachen,1914,392,2354,6.0051,1870,209.6257,1258.8235
stramm-geschehen.xml,Stramm,Geschehen,1915,623,2176,3.4928,1352,460.7988,1609.4675
stramm-kraefte.xml,Stramm,Kräfte,1915,569,2566,4.5097,2154,264.1597,1191.2721
stramm-rudimentaer.xml,Stramm,Rudimentär,1914,310,2539,8.1903,2685,115.4562,945.6238
stramm-sancta-susanna.xml,Stramm,Sancta Susanna,1914,148,1483,10.0203,597,247.9062,2484.0871
sturz-julie.xml,Sturz,Julie,1767,140,603,4.3071,14043,9.9694,42.9395
sudermann-der-bettler-von-syrakus.xml,Sudermann,Der Bettler von Syrakus,1911,564,3423,6.0691,19234,29.3231,177.9661
sudermann-die-ehre.xml,Sudermann,Die Ehre,1889,715,3199,4.4741,20093,35.5845,159.2097
sudermann-die-schmetterlingsschlacht.xml,Sudermann,Die Schmetterlingsschlacht,1895,567,2293,4.0441,16585,34.1875,138.2575
sudermann-heimat.xml,Sudermann,Heimat,1893,555,2525,4.5495,18929,29.3201,133.3932
sudermann-stein-unter-steinen.xml,Sudermann,Stein unter Steinen,1905,741,4187,5.6505,17320,42.7829,241.7436
thoma-die-lokalbahn.xml,Thoma,Die Lokalbahn,1902,389,2556,6.5707,12803,30.3835,199.6407
thoma-die-medaille.xml,Thoma,Die Medaille,1901,123,824,6.6992,8747,14.062,94.2037
thoma-erster-klasse.xml,Thoma,Erster Klasse,1910,356,1862,5.2303,8049,44.2291,231.3331
thoma-lottchens-geburtstag.xml,Thoma,Lottchens Geburtstag,1911,252,1095,4.3452,5697,44.2338,192.2064
thoma-magdalena.xml,Thoma,Magdalena,1912,570,3333,5.8474,13767,41.4034,242.1007
thoma-moral.xml,Thoma,Moral,1909,452,2456,5.4336,15958,28.3244,153.904
tieck-der-abschied.xml,Tieck,Der Abschied,1798,139,869,6.2518,9054,15.3523,95.9797
tieck-der-gestiefelte-kater.xml,Tieck,Der gestiefelte Kater,1797,265,1780,6.717,16764,15.8077,106.1799
tieck-die-theegesellschaft.xml,Tieck,Die Theegesellschaft,1797,111,551,4.964,7996,13.8819,68.9095
tieck-die-verkehrte-welt.xml,Tieck,Die verkehrte Welt,1800,260,1079,4.15,21581,12.0476,49.9977
tieck-karl-von-berneck.xml,Tieck,Karl von Berneck,1797,244,1243,5.0943,21582,11.3057,57.5943
tieck-leben-und-tod-der-heiligen-genoveva.xml,Tieck,Leben und Tod der heiligen Genoveva,1800,344,1097,3.189,43827,7.849,25.0302
tieck-prinz-zerbino.xml,Tieck,Prinz Zerbino oder die Reise nach dem guten Geschmack,1799,457,2016,4.4114,53409,8.5566,37.7464
tieck-ritter-blaubart.xml,Tieck,Ritter Blaubart,1797,189,857,4.5344,19550,9.6675,43.8363
toerring-agnes-bernauerin.xml,Törring,Agnes Bernauerin,1780,216,1370,6.3426,13745,15.7148,99.6726
toller-masse-mensch.xml,Toller,Masse Mensch,1921,105,916,8.7238,5633,18.6402,162.6132
treitschke-das-bauerngut.xml,Treitschke,Das Bauerngut,1799,133,578,4.3459,7175,18.5366,80.5575
uhland-ernst-herzog-von-schwaben.xml,Uhland,Ernst Herzog von Schwaben,1818,62,461,7.4355,13441,4.6128,34.298
uhland-ludwig-der-bayer.xml,Uhland,Ludwig der Bayer,1819,147,1111,7.5578,13574,10.8295,81.8476
vanoni-der-friseur.xml,Vanoni,Der Friseur,1843,212,804,3.7925,6797,31.1902,118.2875
vischer-faust.xml,Vischer,Faust,1862,432,3304,7.6481,29033,14.8796,113.8015
voss-faust.xml,Voß,Faust,1823,506,2984,5.8972,9342,54.164,319.4177
wagner-das-rheingold.xml,Wagner,Das Rheingold,1853,261,2725,10.4406,7122,36.647,382.6172
wagner-der-fliegende-hollaender.xml,Wagner,Der fliegende Holländer,,152,1630,10.7237,4993,30.4426,326.457
wagner-die-kindermoerderin.xml,Wagner,Die Kindermörderin,1776,326,2147,6.5859,20733,15.7237,103.5547
wagner-die-meistersinger-von-nuernberg.xml,Wagner,Die Meistersinger von Nürnberg,,509,5900,11.5914,16191,31.4372,364.4
wagner-die-reue-nach-der-that.xml,Wagner,Die Reue nach der That,1775,317,2207,6.9621,19586,16.185,112.6825
wagner-die-walkuere.xml,Wagner,Die Walküre,1853,266,3564,13.3985,8796,30.241,405.1842
wagner-goetterdaemmerung.xml,Wagner,Götterdämmerung,1853,306,4167,13.6176,8033,38.0929,518.7352
wagner-lohengrin.xml,Wagner,Lohengrin,,286,3828,13.3846,7519,38.037,509.1103
wagner-parsifal.xml,Wagner,Parsifal,1877,221,3523,15.9412,6590,33.5357,534.5979
wagner-siegfried.xml,Wagner,Siegfried,1853,321,3592,11.19,10994,29.1977,326.7237
wagner-tannhaeuser.xml,Wagner,Tannhäuser und Der Sängerkrieg auf Wartburg,,134,2055,15.3358,5384,24.8886,381.6865
wagner-tristan-und-isolde.xml,Wagner,Tristan und Isolde,1859,220,2160,9.8182,8218,26.7705,262.8377
wagner-voltaire-am-abend-seiner-apotheose.xml,Wagner,Voltaire am Abend seiner Apotheose,1778,68,1251,18.3971,3611,18.8313,346.4414
waldvogl-die-falschen-banknoten.xml,Waldvogl,Die falschen Banknoten,1787,359,1516,4.2228,13298,26.9965,114.0021
wallenrodt-noch-jemands-ankunft-auf-st-helena.xml,Wallenrodt,Noch Jemand's Ankunft auf St. Helena,1816,46,225,4.8913,2264,20.318,99.3816
wedekind-der-kammersaenger.xml,Wedekind,Der Kammersänger,1899,177,1130,6.3842,9044,19.571,124.9447
wedekind-der-marquis-von-keith.xml,Wedekind,Der Marquis von Keith,1900,424,3174,7.4858,20175,21.0161,157.3234
wedekind-die-buechse-der-pandora.xml,Wedekind,Die Büchse der Pandora,1902,338,3278,9.6982,16198,20.8668,202.3707
wedekind-die-zensur.xml,Wedekind,Die Zensur,1908,121,696,5.7521,7851,15.412,88.6511
wedekind-erdgeist.xml,Wedekind,Erdgeist,1895,720,4185,5.8125,15206,47.3497,275.2203
wedekind-franziska.xml,Wedekind,Franziska,1912,296,2108,7.1216,19770,14.9722,106.6262
wedekind-fritz-schwigerling.xml,Wedekind,Fritz Schwigerling oder Der Liebestrank,1899,522,2790,5.3448,12184,42.8431,228.9888
wedekind-fruehlings-erwachen.xml,Wedekind,Frühlings Erwachen,1891,102,798,7.8235,17073,5.9743,46.7405
wedekind-hidalla.xml,Wedekind,Hidalla oder Sein und Haben,1904,313,2199,7.0256,17189,18.2093,127.9307
wedekind-koenig-nicolo.xml,Wedekind,König Nicolo oder So ist das Leben,1902,313,2337,7.4665,16346,19.1484,142.9708
wedekind-musik.xml,Wedekind,Musik,1908,234,1653,7.0641,12623,18.5376,130.9514
wedekind-tod-und-teufel.xml,Wedekind,Tod und Teufel (Totentanz),1906,84,638,7.5952,7159,11.7335,89.1186
weidmann-der-dorfbarbier.xml,Weidmann,Der Dorfbarbier,,163,554,3.3988,5196,31.3703,106.6205
weidmann-der-selbstmord-oder-der-unglueckliche-lottospieler.xml,Weidmann,"Der Selbstmord, oder der unglückliche Lottospieler",1773,41,244,5.9512,6101,6.7202,39.9934
weidmann-johann-faust.xml,Weidmann,Johann Faust,1775,99,697,7.0404,13110,7.5515,53.1655
weise-masaniello.xml,Weise,Masaniello,1683,287,1894,6.5993,35798,8.0172,52.908
weisse-atreus-und-thyest.xml,Weiße,Atreus und Thyest,1766,133,638,4.797,13780,9.6517,46.299
weisse-die-jagd.xml,Weiße,Die Jagd,1770,317,1813,5.7192,19431,16.3141,93.3045
weissenthurn-das-manuscript.xml,Weißenthurn,Das Manuscript,1817,675,2212,3.277,17860,37.794,123.8522
weissenthurn-die-schwestern-st-janvier.xml,Weißenthurn,Die Schwestern St. Janvier,1821,348,1608,4.6207,13869,25.0919,115.942
weissenthurn-johann-herzog-von-finnland.xml,Weißenthurn,"Johann, Herzog von Finnland",1817,577,2367,4.1023,18741,30.7881,126.3006
weissenthurn-welche-ist-die-braut.xml,Weißenthurn,Welche ist die Braut!,1817,377,1519,4.0292,20863,18.0703,72.8083
weissenthurn-welcher-ist-der-braeutigam.xml,Weißenthurn,Welcher ist der Bräutigam?,1821,341,1133,3.3226,14420,23.6477,78.5714
werner-der-vierundzwanzigste-februar.xml,Werner,Der vierundzwanzigste Februar,1815,135,1131,8.3778,8874,15.213,127.451
wette-haensel-und-gretel.xml,Wette,Hänsel und Gretel,,223,1958,8.7803,4123,54.0868,474.8969
wezel-der-graf-von-wickham.xml,Wezel,Der Graf von Wickham,1774,533,2724,5.1107,23390,22.7875,116.46
widmann-der-widerspenstigen-zaehmung.xml,Widmann,Der Widerspenstigen Zähmung,,136,1006,7.3971,8177,16.632,123.028
widmann-maikaefer-komoedie.xml,Widmann,Maikäfer-Komödie,1897,324,1487,4.5895,20174,16.0603,73.7087
wieland-alceste.xml,Wieland,Alceste,1773,52,421,8.0962,5490,9.4718,76.6849
wieland-klementina-von-porretta.xml,Wieland,Klementina von Porretta,1760,172,1383,8.0407,21953,7.8349,62.9982
wieland-lady-johanna-gray.xml,Wieland,Lady Johanna Gray oder Der Triumf der Religion,1758,56,224,4.0,14180,3.9492,15.7969
wilbrandt-der-meister-von-palmyra.xml,Wilbrandt,Der Meister von Palmyra,1889,703,4888,6.9531,20043,35.0746,243.8757
wilbrandt-gracchus-der-volkstribun.xml,Wilbrandt,Gracchus der Volkstribun,1872,560,3659,6.5339,18533,30.2164,197.4316
wildenbruch-die-haubenlerche.xml,Wildenbruch,Die Haubenlerche,1891,839,6548,7.8045,23333,35.9577,280.6326
wildenbruch-die-karolinger.xml,Wildenbruch,Die Karolinger,1881,355,2174,6.1239,14574,24.3584,149.1698
wildenbruch-die-quitzows.xml,Wildenbruch,Die Quitzows,1888,762,5085,6.6732,23662,32.2035,214.9015
wildgans-armut.xml,Wildgans,Armut,1914,687,4433,6.4527,12502,54.9512,354.5833
wildgans-dies-irae.xml,Wildgans,Dies irae,1918,898,7632,8.4989,17266,52.0097,442.0248
wildgans-in-ewigkeit-amen.xml,Wildgans,In Ewigkeit Amen,1913,355,2156,6.0732,6931,51.2192,311.0662
wohlbrueck-der-vampyr.xml,Wohlbrück,Der Vampyr,,677,4289,6.3353,12048,56.1919,355.9927
wolf-cyankali.xml,Wolf,Cyankali,1929,549,3576,6.5137,11117,49.3838,321.6695
wolf-professor-mamlock.xml,Wolf,Professor Mamlock,1935,575,2871,4.993,13174,43.6466,217.9293
wolfram-faust.xml,Wolfram,Faust,1839,172,859,4.9942,32681,5.263,26.2844
zedlitz-cabinets-intriguen.xml,Zedlitz,Cabinets-Intriguen,1836,86,237,2.7558,13412,6.4122,17.6707
zedlitz-herr-und-sklave.xml,Zedlitz,Herr und Sklave,1835,40,220,5.5,3397,11.7751,64.763
zedlitz-liebe-findet-ihre-wege.xml,Zedlitz,Liebe findet ihre Wege,1827,214,770,3.5981,12361,17.3125,62.2927
zschokke-abellino.xml,Zschokke,Abellino,1795,491,2448,4.9857,25516,19.2428,95.9398
